seed,task_index,hidden_table,strategy,identified_at,failed,queries_executed
0,0,27756,random,10,False,10
0,0,27756,information,9,False,9
0,1,64680,random,10,False,10
0,1,64680,information,8,False,8
0,2,32125,random,8,False,8
0,2,32125,information,9,False,9
0,3,854,random,7,False,8
0,3,854,information,8,False,8
0,4,17544,random,11,False,11
0,4,17544,information,8,False,8
0,5,43350,random,8,False,8
0,5,43350,information,9,False,9
0,6,41088,random,13,False,13
0,6,41088,information,9,False,9
0,7,30600,random,11,False,11
0,7,30600,information,9,False,9
0,8,65331,random,10,False,10
0,8,65331,information,8,False,8
0,9,65528,random,11,False,11
0,9,65528,information,9,False,9
0,10,21930,random,11,False,11
0,10,21930,information,9,False,9
0,11,39578,random,8,False,8
0,11,39578,information,9,False,9
0,12,25700,random,13,False,13
0,12,25700,information,9,False,9
0,13,50115,random,9,False,9
0,13,50115,information,9,False,9
0,14,15400,random,10,False,10
0,14,15400,information,9,False,9
0,15,42662,random,8,False,8
0,15,42662,information,9,False,9
0,16,7918,random,10,False,10
0,16,7918,information,9,False,9
0,17,20730,random,14,False,14
0,17,20730,information,8,False,8
0,18,64515,random,13,False,13
0,18,64515,information,9,False,9
0,19,3850,random,10,False,10
0,19,3850,information,9,False,9
1,0,5160,random,9,False,9
1,0,5160,information,9,False,9
1,1,49280,random,16,False,16
1,1,49280,information,8,False,8
1,2,65467,random,13,False,13
1,2,65467,information,9,False,9
1,3,64764,random,9,False,9
1,3,64764,information,9,False,9
1,4,2176,random,15,False,15
1,4,2176,information,9,False,9
1,5,17442,random,9,False,9
1,5,17442,information,9,False,9
1,6,4382,random,10,False,10
1,6,4382,information,8,False,8
1,7,42330,random,10,False,10
1,7,42330,information,9,False,9
1,8,64716,random,11,False,11
1,8,64716,information,10,False,10
1,9,37779,random,9,False,9
1,9,37779,information,8,False,8
1,10,39321,random,9,False,9
1,10,39321,information,9,False,9
1,11,57568,random,10,False,10
1,11,57568,information,8,False,8
1,12,27030,random,8,False,8
1,12,27030,information,8,False,8
1,13,65365,random,10,False,10
1,13,65365,information,9,False,9
1,14,14392,random,12,False,12
1,14,14392,information,9,False,9
1,15,3850,random,12,False,12
1,15,3850,information,9,False,9
1,16,41120,random,13,False,13
1,16,41120,information,9,False,9
1,17,250,random,10,False,10
1,17,250,information,9,False,9
1,18,65534,random,16,False,16
1,18,65534,information,12,False,12
1,19,28527,random,7,False,8
1,19,28527,information,9,False,9
2,0,1530,random,12,False,12
2,0,1530,information,8,False,8
2,1,3808,random,12,False,12
2,1,3808,information,9,False,9
2,2,3312,random,14,False,14
2,2,3312,information,9,False,9
2,3,26112,random,9,False,9
2,3,26112,information,9,False,9
2,4,65534,random,16,False,16
2,4,65534,information,12,False,12
2,5,12300,random,8,False,8
2,5,12300,information,8,False,8
2,6,64005,random,6,False,8
2,6,64005,information,9,False,9
2,7,65487,random,10,False,10
2,7,65487,information,9,False,9
2,8,60945,random,11,False,11
2,8,60945,information,9,False,9
2,9,22000,random,12,False,12
2,9,22000,information,9,False,9
2,10,16962,random,8,False,8
2,10,16962,information,9,False,9
2,11,52360,random,10,False,10
2,11,52360,information,8,False,8
2,12,14906,random,9,False,9
2,12,14906,information,9,False,9
2,13,780,random,8,False,8
2,13,780,information,8,False,8
2,14,50070,random,11,False,11
2,14,50070,information,8,False,8
2,15,61183,random,15,False,15
2,15,61183,information,9,False,9
2,16,10240,random,14,False,14
2,16,10240,information,9,False,9
2,17,34680,random,10,False,10
2,17,34680,information,8,False,8
2,18,56661,random,12,False,12
2,18,56661,information,8,False,8
2,19,29298,random,11,False,11
2,19,29298,information,9,False,9
3,0,16234,random,10,False,10
3,0,16234,information,9,False,9
3,1,51400,random,9,False,9
3,1,51400,information,8,False,8
3,2,46003,random,11,False,11
3,2,46003,information,9,False,9
3,3,4680,random,12,False,12
3,3,4680,information,9,False,9
3,4,26265,random,7,False,8
3,4,26265,information,9,False,9
3,5,52326,random,10,False,10
3,5,52326,information,10,False,10
3,6,39338,random,7,False,8
3,6,39338,information,8,False,8
3,7,53244,random,10,False,10
3,7,53244,information,10,False,10
3,8,50070,random,8,False,8
3,8,50070,information,8,False,8
3,9,2560,random,11,False,11
3,9,2560,information,9,False,9
3,10,52360,random,13,False,13
3,10,52360,information,8,False,8
3,11,102,random,10,False,10
3,11,102,information,9,False,9
3,12,65535,random,14,False,14
3,12,65535,information,8,False,8
3,13,39318,random,8,False,8
3,13,39318,information,8,False,8
3,14,17544,random,14,False,14
3,14,17544,information,7,False,8
3,15,47940,random,8,False,8
3,15,47940,information,8,False,8
3,16,16176,random,13,False,13
3,16,16176,information,9,False,9
3,17,13158,random,10,False,10
3,17,13158,information,8,False,8
3,18,62805,random,15,False,15
3,18,62805,information,9,False,9
3,19,45040,random,7,False,8
3,19,45040,information,9,False,9
4,0,16191,random,8,False,8
4,0,16191,information,9,False,9
4,1,21930,random,13,False,13
4,1,21930,information,9,False,9
4,2,3930,random,9,False,9
4,2,3930,information,9,False,9
4,3,62965,random,9,False,9
4,3,62965,information,9,False,9
4,4,29812,random,10,False,10
4,4,29812,information,9,False,9
4,5,40092,random,9,False,9
4,5,40092,information,9,False,9
4,6,8942,random,12,False,12
4,6,8942,information,9,False,9
4,7,3808,random,10,False,10
4,7,3808,information,9,False,9
4,8,2570,random,13,False,13
4,8,2570,information,7,False,8
4,9,192,random,15,False,15
4,9,192,information,9,False,9
4,10,30583,random,10,False,10
4,10,30583,information,9,False,9
4,11,47923,random,11,False,11
4,11,47923,information,9,False,9
4,12,21828,random,13,False,13
4,12,21828,information,9,False,9
4,13,65455,random,11,False,11
4,13,65455,information,9,False,9
4,14,64764,random,15,False,15
4,14,64764,information,9,False,9
4,15,1632,random,9,False,9
4,15,1632,information,9,False,9
4,16,15420,random,12,False,12
4,16,15420,information,8,False,8
4,17,43622,random,8,False,8
4,17,43622,information,9,False,9
4,18,44880,random,11,False,11
4,18,44880,information,9,False,9
4,19,26112,random,8,False,8
4,19,26112,information,9,False,9
5,0,53199,random,14,False,14
5,0,53199,information,8,False,8
5,1,17442,random,14,False,14
5,1,17442,information,9,False,9
5,2,64200,random,11,False,11
5,2,64200,information,8,False,8
5,3,25700,random,13,False,13
5,3,25700,information,9,False,9
5,4,65440,random,8,False,8
5,4,65440,information,9,False,9
5,5,61500,random,9,False,9
5,5,61500,information,8,False,8
5,6,64170,random,12,False,12
5,6,64170,information,9,False,9
5,7,57568,random,15,False,15
5,7,57568,information,9,False,9
5,8,43690,random,15,False,15
5,8,43690,information,9,False,9
5,9,250,random,14,False,14
5,9,250,information,10,False,10
5,10,39253,random,8,False,8
5,10,39253,information,9,False,9
5,11,65276,random,12,False,12
5,11,65276,information,7,False,8
5,12,16512,random,14,False,14
5,12,16512,information,9,False,9
5,13,57344,random,11,False,11
5,13,57344,information,9,False,9
5,14,1360,random,12,False,12
5,14,1360,information,8,False,8
5,15,9252,random,14,False,14
5,15,9252,information,9,False,9
5,16,4080,random,12,False,12
5,16,4080,information,8,False,8
5,17,26282,random,14,False,14
5,17,26282,information,9,False,9
5,18,39318,random,11,False,11
5,18,39318,information,9,False,9
5,19,16448,random,13,False,13
5,19,16448,information,9,False,9
6,0,65416,random,15,False,15
6,0,65416,information,8,False,8
6,1,49407,random,8,False,8
6,1,49407,information,9,False,9
6,2,65520,random,12,False,12
6,2,65520,information,9,False,9
6,3,3120,random,12,False,12
6,3,3120,information,9,False,9
6,4,41088,random,8,False,8
6,4,41088,information,9,False,9
6,5,64752,random,10,False,10
6,5,64752,information,9,False,9
6,6,17578,random,12,False,12
6,6,17578,information,10,False,10
6,7,780,random,9,False,9
6,7,780,information,9,False,9
6,8,0,random,14,False,14
6,8,0,information,10,False,10
6,9,8704,random,13,False,13
6,9,8704,information,9,False,9
6,10,60576,random,12,False,12
6,10,60576,information,9,False,9
6,11,50160,random,10,False,10
6,11,50160,information,9,False,9
6,12,39318,random,7,False,8
6,12,39318,information,9,False,9
6,13,64680,random,11,False,11
6,13,64680,information,9,False,9
6,14,64005,random,7,False,8
6,14,64005,information,8,False,8
6,15,26316,random,13,False,13
6,15,26316,information,8,False,8
6,16,23050,random,11,False,11
6,16,23050,information,9,False,9
6,17,65022,random,11,False,11
6,17,65022,information,11,False,11
6,18,204,random,12,False,12
6,18,204,information,8,False,8
6,19,20480,random,11,False,11
6,19,20480,information,9,False,9
7,0,23120,random,12,False,12
7,0,23120,information,9,False,9
7,1,8840,random,15,False,15
7,1,8840,information,8,False,8
7,2,29812,random,11,False,11
7,2,29812,information,9,False,9
7,3,57568,random,11,False,11
7,3,57568,information,10,False,10
7,4,1290,random,11,False,11
7,4,1290,information,9,False,9
7,5,2800,random,12,False,12
7,5,2800,information,9,False,9
7,6,65520,random,12,False,12
7,6,65520,information,10,False,10
7,7,44880,random,8,False,8
7,7,44880,information,8,False,8
7,8,3850,random,14,False,14
7,8,3850,information,9,False,9
7,9,26208,random,12,False,12
7,9,26208,information,9,False,9
7,10,50115,random,7,False,8
7,10,50115,information,9,False,9
7,11,1542,random,9,False,9
7,11,1542,information,8,False,8
7,12,43008,random,10,False,10
7,12,43008,information,10,False,10
7,13,15360,random,13,False,13
7,13,15360,information,9,False,9
7,14,816,random,10,False,10
7,14,816,information,9,False,9
7,15,3324,random,11,False,11
7,15,3324,information,9,False,9
7,16,34816,random,13,False,13
7,16,34816,information,9,False,9
7,17,31710,random,7,False,8
7,17,31710,information,9,False,9
7,18,2640,random,8,False,8
7,18,2640,information,9,False,9
7,19,16335,random,9,False,9
7,19,16335,information,9,False,9
8,0,15600,random,10,False,10
8,0,15600,information,10,False,10
8,1,26265,random,8,False,8
8,1,26265,information,9,False,9
8,2,26367,random,8,False,8
8,2,26367,information,9,False,9
8,3,4590,random,8,False,8
8,3,4590,information,9,False,9
8,4,13158,random,7,False,8
8,4,13158,information,9,False,9
8,5,61695,random,7,False,8
8,5,61695,information,9,False,9
8,6,1020,random,8,False,8
8,6,1020,information,9,False,9
8,7,3312,random,12,False,12
8,7,3312,information,9,False,9
8,8,7710,random,11,False,11
8,8,7710,information,9,False,9
8,9,16448,random,9,False,9
8,9,16448,information,8,False,8
8,10,65501,random,13,False,13
8,10,65501,information,9,False,9
8,11,43008,random,14,False,14
8,11,43008,information,9,False,9
8,12,14392,random,12,False,12
8,12,14392,information,9,False,9
8,13,30583,random,9,False,9
8,13,30583,information,8,False,8
8,14,56797,random,13,False,13
8,14,56797,information,9,False,9
8,15,252,random,15,False,15
8,15,252,information,9,False,9
8,16,38502,random,10,False,10
8,16,38502,information,8,False,8
8,17,41120,random,15,False,15
8,17,41120,information,9,False,9
8,18,38293,random,8,False,8
8,18,38293,information,9,False,9
8,19,28527,random,11,False,11
8,19,28527,information,9,False,9
9,0,39219,random,7,False,8
9,0,39219,information,9,False,9
9,1,52419,random,8,False,8
9,1,52419,information,9,False,9
9,2,26316,random,12,False,12
9,2,26316,information,9,False,9
9,3,18504,random,10,False,10
9,3,18504,information,8,False,8
9,4,7710,random,9,False,9
9,4,7710,information,8,False,8
9,5,13104,random,10,False,10
9,5,13104,information,9,False,9
9,6,61152,random,12,False,12
9,6,61152,information,9,False,9
9,7,60,random,8,False,8
9,7,60,information,8,False,8
9,8,24400,random,10,False,10
9,8,24400,information,9,False,9
9,9,42480,random,11,False,11
9,9,42480,information,8,False,8
9,10,52326,random,11,False,11
9,10,52326,information,9,False,9
9,11,3120,random,15,False,15
9,11,3120,information,9,False,9
9,12,23644,random,10,False,10
9,12,23644,information,8,False,8
9,13,48059,random,14,False,14
9,13,48059,information,9,False,9
9,14,52479,random,11,False,11
9,14,52479,information,9,False,9
9,15,61635,random,8,False,8
9,15,61635,information,8,False,8
9,16,854,random,9,False,9
9,16,854,information,8,False,8
9,17,63222,random,9,False,9
9,17,63222,information,9,False,9
9,18,27030,random,11,False,11
9,18,27030,information,8,False,8
9,19,12300,random,11,False,11
9,19,12300,information,9,False,9
10,0,49344,random,10,False,10
10,0,49344,information,10,False,10
10,1,255,random,10,False,10
10,1,255,information,9,False,9
10,2,32896,random,14,False,14
10,2,32896,information,8,False,8
10,3,41055,random,11,False,11
10,3,41055,information,9,False,9
10,4,49971,random,12,False,12
10,4,49971,information,9,False,9
10,5,136,random,10,False,10
10,5,136,information,9,False,9
10,6,13878,random,11,False,11
10,6,13878,information,9,False,9
10,7,38550,random,9,False,9
10,7,38550,information,9,False,9
10,8,65502,random,13,False,13
10,8,65502,information,11,False,11
10,9,42255,random,7,False,8
10,9,42255,information,9,False,9
10,10,65523,random,8,False,8
10,10,65523,information,9,False,9
10,11,20640,random,9,False,9
10,11,20640,information,9,False,9
10,12,57630,random,11,False,11
10,12,57630,information,9,False,9
10,13,65501,random,15,False,15
10,13,65501,information,10,False,10
10,14,10280,random,15,False,15
10,14,10280,information,9,False,9
10,15,771,random,11,False,11
10,15,771,information,9,False,9
10,16,43622,random,11,False,11
10,16,43622,information,9,False,9
10,17,41215,random,13,False,13
10,17,41215,information,9,False,9
10,18,23205,random,8,False,8
10,18,23205,information,9,False,9
10,19,2810,random,10,False,10
10,19,2810,information,9,False,9
11,0,38250,random,8,False,8
11,0,38250,information,8,False,8
11,1,48316,random,11,False,11
11,1,48316,information,9,False,9
11,2,65280,random,15,False,15
11,2,65280,information,9,False,9
11,3,39253,random,9,False,9
11,3,39253,information,9,False,9
11,4,43176,random,10,False,10
11,4,43176,information,9,False,9
11,5,50160,random,12,False,12
11,5,50160,information,9,False,9
11,6,13116,random,12,False,12
11,6,13116,information,9,False,9
11,7,13090,random,10,False,10
11,7,13090,information,9,False,9
11,8,65470,random,13,False,13
11,8,65470,information,11,False,11
11,9,43433,random,10,False,10
11,9,43433,information,9,False,9
11,10,39372,random,8,False,8
11,10,39372,information,8,False,8
11,11,54741,random,14,False,14
11,11,54741,information,9,False,9
11,12,52428,random,9,False,9
11,12,52428,information,8,False,8
11,13,65416,random,15,False,15
11,13,65416,information,8,False,8
11,14,13104,random,11,False,11
11,14,13104,information,9,False,9
11,15,3850,random,10,False,10
11,15,3850,information,9,False,9
11,16,36856,random,9,False,9
11,16,36856,information,9,False,9
11,17,21930,random,13,False,13
11,17,21930,information,9,False,9
11,18,8224,random,13,False,13
11,18,8224,information,9,False,9
11,19,3808,random,9,False,9
11,19,3808,information,9,False,9
12,0,39338,random,10,False,10
12,0,39338,information,8,False,8
12,1,19018,random,11,False,11
12,1,19018,information,9,False,9
12,2,59110,random,14,False,14
12,2,59110,information,9,False,9
12,3,43685,random,9,False,9
12,3,43685,information,9,False,9
12,4,60928,random,12,False,12
12,4,60928,information,9,False,9
12,5,24570,random,9,False,9
12,5,24570,information,9,False,9
12,6,8320,random,12,False,12
12,6,8320,information,11,False,11
12,7,27242,random,8,False,8
12,7,27242,information,9,False,9
12,8,90,random,11,False,11
12,8,90,information,10,False,10
12,9,26316,random,10,False,10
12,9,26316,information,9,False,9
12,10,41055,random,7,False,8
12,10,41055,information,9,False,9
12,11,20490,random,10,False,10
12,11,20490,information,9,False,9
12,12,56814,random,9,False,9
12,12,56814,information,8,False,8
12,13,65487,random,15,False,15
12,13,65487,information,9,False,9
12,14,38502,random,10,False,10
12,14,38502,information,9,False,9
12,15,61500,random,11,False,11
12,15,61500,information,9,False,9
12,16,52275,random,9,False,9
12,16,52275,information,8,False,8
12,17,15600,random,9,False,9
12,17,15600,information,9,False,9
12,18,48110,random,8,False,8
12,18,48110,information,9,False,9
12,19,0,random,13,False,13
12,19,0,information,10,False,10
13,0,17544,random,14,False,14
13,0,17544,information,8,False,8
13,1,21828,random,12,False,12
13,1,21828,information,9,False,9
13,2,61438,random,14,False,14
13,2,61438,information,9,False,9
13,3,65467,random,13,False,13
13,3,65467,information,9,False,9
13,4,13104,random,8,False,8
13,4,13104,information,9,False,9
13,5,57568,random,14,False,14
13,5,57568,information,9,False,9
13,6,16140,random,10,False,10
13,6,16140,information,9,False,9
13,7,60928,random,12,False,12
13,7,60928,information,8,False,8
13,8,8738,random,12,False,12
13,8,8738,information,9,False,9
13,9,15564,random,8,False,8
13,9,15564,information,9,False,9
13,10,56797,random,8,False,8
13,10,56797,information,8,False,8
13,11,64000,random,12,False,12
13,11,64000,information,10,False,10
13,12,4680,random,8,False,8
13,12,4680,information,9,False,9
13,13,2720,random,10,False,10
13,13,2720,information,9,False,9
13,14,43775,random,11,False,11
13,14,43775,information,9,False,9
13,15,15360,random,10,False,10
13,15,15360,information,9,False,9
13,16,64250,random,10,False,10
13,16,64250,information,9,False,9
13,17,21845,random,10,False,10
13,17,21845,information,9,False,9
13,18,252,random,14,False,14
13,18,252,information,9,False,9
13,19,34680,random,11,False,11
13,19,34680,information,9,False,9
14,0,4010,random,10,False,10
14,0,4010,information,9,False,9
14,1,52479,random,11,False,11
14,1,52479,information,9,False,9
14,2,61680,random,10,False,10
14,2,61680,information,9,False,9
14,3,64515,random,8,False,8
14,3,64515,information,9,False,9
14,4,57568,random,12,False,12
14,4,57568,information,9,False,9
14,5,43680,random,14,False,14
14,5,43680,information,9,False,9
14,6,16448,random,9,False,9
14,6,16448,information,9,False,9
14,7,20046,random,10,False,10
14,7,20046,information,8,False,8
14,8,64005,random,8,False,8
14,8,64005,information,9,False,9
14,9,17442,random,12,False,12
14,9,17442,information,9,False,9
14,10,21840,random,13,False,13
14,10,21840,information,9,False,9
14,11,64000,random,12,False,12
14,11,64000,information,9,False,9
14,12,2800,random,11,False,11
14,12,2800,information,9,False,9
14,13,60096,random,13,False,13
14,13,60096,information,9,False,9
14,14,37779,random,11,False,11
14,14,37779,information,9,False,9
14,15,21930,random,12,False,12
14,15,21930,information,9,False,9
14,16,39253,random,7,False,8
14,16,39253,information,9,False,9
14,17,61438,random,7,False,8
14,17,61438,information,9,False,9
14,18,30498,random,8,False,8
14,18,30498,information,8,False,8
14,19,29298,random,12,False,12
14,19,29298,information,9,False,9
15,0,14074,random,11,False,11
15,0,14074,information,9,False,9
15,1,90,random,9,False,9
15,1,90,information,9,False,9
15,2,43622,random,9,False,9
15,2,43622,information,9,False,9
15,3,64005,random,9,False,9
15,3,64005,information,9,False,9
15,4,780,random,9,False,9
15,4,780,information,9,False,9
15,5,9252,random,10,False,10
15,5,9252,information,9,False,9
15,6,16320,random,13,False,13
15,6,16320,information,8,False,8
15,7,160,random,14,False,14
15,7,160,information,8,False,8
15,8,1530,random,8,False,8
15,8,1530,information,8,False,8
15,9,65472,random,10,False,10
15,9,65472,information,9,False,9
15,10,61183,random,10,False,10
15,10,61183,information,8,False,8
15,11,8738,random,8,False,8
15,11,8738,information,9,False,9
15,12,61600,random,15,False,15
15,12,61600,information,9,False,9
15,13,26214,random,11,False,11
15,13,26214,information,9,False,9
15,14,4369,random,9,False,9
15,14,4369,information,9,False,9
15,15,24400,random,9,False,9
15,15,24400,information,9,False,9
15,16,39253,random,8,False,8
15,16,39253,information,9,False,9
15,17,62259,random,11,False,11
15,17,62259,information,9,False,9
15,18,25186,random,11,False,11
15,18,25186,information,9,False,9
15,19,20650,random,10,False,10
15,19,20650,information,9,False,9
16,0,26146,random,10,False,10
16,0,26146,information,9,False,9
16,1,39318,random,9,False,9
16,1,39318,information,9,False,9
16,2,40960,random,16,False,16
16,2,40960,information,9,False,9
16,3,21588,random,11,False,11
16,3,21588,information,9,False,9
16,4,31611,random,10,False,10
16,4,31611,information,9,False,9
16,5,15600,random,10,False,10
16,5,15600,information,9,False,9
16,6,36856,random,15,False,15
16,6,36856,information,9,False,9
16,7,51,random,8,False,8
16,7,51,information,8,False,8
16,8,30685,random,11,False,11
16,8,30685,information,9,False,9
16,9,59110,random,11,False,11
16,9,59110,information,9,False,9
16,10,62451,random,15,False,15
16,10,62451,information,9,False,9
16,11,17544,random,14,False,14
16,11,17544,information,9,False,9
16,12,16234,random,12,False,12
16,12,16234,information,9,False,9
16,13,56610,random,9,False,9
16,13,56610,information,9,False,9
16,14,15420,random,13,False,13
16,14,15420,information,9,False,9
16,15,90,random,10,False,10
16,15,90,information,9,False,9
16,16,21850,random,9,False,9
16,16,21850,information,9,False,9
16,17,21920,random,8,False,8
16,17,21920,information,9,False,9
16,18,65514,random,14,False,14
16,18,65514,information,11,False,11
16,19,23644,random,13,False,13
16,19,23644,information,9,False,9
17,0,43656,random,8,False,8
17,0,43656,information,9,False,9
17,1,30856,random,8,False,8
17,1,30856,information,9,False,9
17,2,65484,random,11,False,11
17,2,65484,information,9,False,9
17,3,21930,random,10,False,10
17,3,21930,information,9,False,9
17,4,26208,random,15,False,15
17,4,26208,information,9,False,9
17,5,21828,random,11,False,11
17,5,21828,information,9,False,9
17,6,12492,random,11,False,11
17,6,12492,information,9,False,9
17,7,64767,random,8,False,8
17,7,64767,information,9,False,9
17,8,62220,random,8,False,8
17,8,62220,information,9,False,9
17,9,61695,random,12,False,12
17,9,61695,information,9,False,9
17,10,45040,random,11,False,11
17,10,45040,information,9,False,9
17,11,60138,random,9,False,9
17,11,60138,information,9,False,9
17,12,20640,random,14,False,14
17,12,20640,information,9,False,9
17,13,4044,random,13,False,13
17,13,4044,information,9,False,9
17,14,240,random,12,False,12
17,14,240,information,9,False,9
17,15,16512,random,15,False,15
17,15,16512,information,10,False,10
17,16,27328,random,10,False,10
17,16,27328,information,9,False,9
17,17,65514,random,15,False,15
17,17,65514,information,9,False,9
17,18,64255,random,11,False,11
17,18,64255,information,9,False,9
17,19,31710,random,7,False,8
17,19,31710,information,8,False,8
18,0,13000,random,14,False,14
18,0,13000,information,9,False,9
18,1,4420,random,12,False,12
18,1,4420,information,9,False,9
18,2,60138,random,12,False,12
18,2,60138,information,9,False,9
18,3,37740,random,12,False,12
18,3,37740,information,8,False,8
18,4,23644,random,8,False,8
18,4,23644,information,9,False,9
18,5,16320,random,14,False,14
18,5,16320,information,9,False,9
18,6,13248,random,9,False,9
18,6,13248,information,9,False,9
18,7,41215,random,14,False,14
18,7,41215,information,9,False,9
18,8,53970,random,11,False,11
18,8,53970,information,9,False,9
18,9,42325,random,9,False,9
18,9,42325,information,9,False,9
18,10,13056,random,9,False,9
18,10,13056,information,9,False,9
18,11,40092,random,12,False,12
18,11,40092,information,8,False,8
18,12,21850,random,12,False,12
18,12,21850,information,9,False,9
18,13,38490,random,10,False,10
18,13,38490,information,8,False,8
18,14,18432,random,8,False,8
18,14,18432,information,9,False,9
18,15,13226,random,9,False,9
18,15,13226,information,9,False,9
18,16,17408,random,14,False,14
18,16,17408,information,9,False,9
18,17,61530,random,11,False,11
18,17,61530,information,9,False,9
18,18,4382,random,11,False,11
18,18,4382,information,9,False,9
18,19,23130,random,12,False,12
18,19,23130,information,8,False,8
19,0,61152,random,13,False,13
19,0,61152,information,9,False,9
19,1,1020,random,9,False,9
19,1,1020,information,8,False,8
19,2,65331,random,10,False,10
19,2,65331,information,8,False,8
19,3,43622,random,9,False,9
19,3,43622,information,9,False,9
19,4,4386,random,9,False,9
19,4,4386,information,8,False,8
19,5,43350,random,8,False,8
19,5,43350,information,8,False,8
19,6,13260,random,13,False,13
19,6,13260,information,9,False,9
19,7,29298,random,14,False,14
19,7,29298,information,9,False,9
19,8,24495,random,6,False,8
19,8,24495,information,9,False,9
19,9,43685,random,7,False,8
19,9,43685,information,8,False,8
19,10,21828,random,11,False,11
19,10,21828,information,9,False,9
19,11,50124,random,11,False,11
19,11,50124,information,9,False,9
19,12,8738,random,9,False,9
19,12,8738,information,9,False,9
19,13,51510,random,11,False,11
19,13,51510,information,8,False,8
19,14,17578,random,15,False,15
19,14,17578,information,9,False,9
19,15,4032,random,14,False,14
19,15,4032,information,9,False,9
19,16,30702,random,10,False,10
19,16,30702,information,9,False,9
19,17,23205,random,8,False,8
19,17,23205,information,9,False,9
19,18,19018,random,13,False,13
19,18,19018,information,10,False,10
19,19,65534,random,16,False,16
19,19,65534,information,12,False,12
20,0,62970,random,11,False,11
20,0,62970,information,9,False,9
20,1,61440,random,10,False,10
20,1,61440,information,9,False,9
20,2,65340,random,9,False,9
20,2,65340,information,9,False,9
20,3,64767,random,9,False,9
20,3,64767,information,9,False,9
20,4,8840,random,11,False,11
20,4,8840,information,9,False,9
20,5,17578,random,15,False,15
20,5,17578,information,9,False,9
20,6,61132,random,14,False,14
20,6,61132,information,9,False,9
20,7,56610,random,10,False,10
20,7,56610,information,8,False,8
20,8,3900,random,13,False,13
20,8,3900,information,8,False,8
20,9,23205,random,7,False,8
20,9,23205,information,9,False,9
20,10,49407,random,13,False,13
20,10,49407,information,9,False,9
20,11,12300,random,11,False,11
20,11,12300,information,9,False,9
20,12,240,random,10,False,10
20,12,240,information,9,False,9
20,13,30702,random,12,False,12
20,13,30702,information,8,False,8
20,14,30651,random,9,False,9
20,14,30651,information,9,False,9
20,15,2810,random,9,False,9
20,15,2810,information,9,False,9
20,16,3930,random,10,False,10
20,16,3930,information,9,False,9
20,17,4590,random,13,False,13
20,17,4590,information,9,False,9
20,18,23050,random,10,False,10
20,18,23050,information,8,False,8
20,19,39338,random,10,False,10
20,19,39338,information,9,False,9
21,0,11822,random,11,False,11
21,0,11822,information,9,False,9
21,1,31710,random,12,False,12
21,1,31710,information,9,False,9
21,2,61500,random,9,False,9
21,2,61500,information,9,False,9
21,3,56610,random,8,False,8
21,3,56610,information,9,False,9
21,4,20730,random,11,False,11
21,4,20730,information,10,False,10
21,5,40092,random,7,False,8
21,5,40092,information,8,False,8
21,6,15372,random,13,False,13
21,6,15372,information,10,False,10
21,7,65382,random,11,False,11
21,7,65382,information,11,False,11
21,8,39372,random,10,False,10
21,8,39372,information,8,False,8
21,9,65484,random,12,False,12
21,9,65484,information,9,False,9
21,10,43433,random,9,False,9
21,10,43433,information,8,False,8
21,11,13056,random,13,False,13
21,11,13056,information,9,False,9
21,12,42662,random,9,False,9
21,12,42662,information,9,False,9
21,13,43685,random,8,False,8
21,13,43685,information,9,False,9
21,14,16191,random,11,False,11
21,14,16191,information,9,False,9
21,15,65365,random,11,False,11
21,15,65365,information,9,False,9
21,16,15,random,9,False,9
21,16,15,information,8,False,8
21,17,136,random,14,False,14
21,17,136,information,11,False,11
21,18,26265,random,8,False,8
21,18,26265,information,9,False,9
21,19,50124,random,10,False,10
21,19,50124,information,8,False,8
22,0,7918,random,10,False,10
22,0,7918,information,9,False,9
22,1,16371,random,11,False,11
22,1,16371,information,9,False,9
22,2,238,random,12,False,12
22,2,238,information,9,False,9
22,3,52419,random,10,False,10
22,3,52419,information,9,False,9
22,4,36856,random,9,False,9
22,4,36856,information,8,False,8
22,5,13090,random,13,False,13
22,5,13090,information,9,False,9
22,6,61680,random,11,False,11
22,6,61680,information,8,False,8
22,7,4386,random,9,False,9
22,7,4386,information,10,False,10
22,8,64170,random,10,False,10
22,8,64170,information,8,False,8
22,9,57568,random,12,False,12
22,9,57568,information,9,False,9
22,10,24480,random,11,False,11
22,10,24480,information,9,False,9
22,11,65382,random,9,False,9
22,11,65382,information,9,False,9
22,12,3084,random,13,False,13
22,12,3084,information,9,False,9
22,13,16140,random,9,False,9
22,13,16140,information,9,False,9
22,14,19018,random,12,False,12
22,14,19018,information,8,False,8
22,15,1334,random,9,False,9
22,15,1334,information,9,False,9
22,16,23050,random,14,False,14
22,16,23050,information,9,False,9
22,17,52275,random,9,False,9
22,17,52275,information,9,False,9
22,18,12850,random,9,False,9
22,18,12850,information,9,False,9
22,19,47940,random,9,False,9
22,19,47940,information,9,False,9
23,0,65280,random,14,False,14
23,0,65280,information,9,False,9
23,1,21828,random,14,False,14
23,1,21828,information,9,False,9
23,2,65528,random,13,False,13
23,2,65528,information,10,False,10
23,3,3264,random,11,False,11
23,3,3264,information,9,False,9
23,4,160,random,11,False,11
23,4,160,information,9,False,9
23,5,51400,random,13,False,13
23,5,51400,information,9,False,9
23,6,22000,random,15,False,15
23,6,22000,information,9,False,9
23,7,32190,random,8,False,8
23,7,32190,information,9,False,9
23,8,27030,random,7,False,8
23,8,27030,information,7,False,8
23,9,43690,random,11,False,11
23,9,43690,information,9,False,9
23,10,25700,random,11,False,11
23,10,25700,information,8,False,8
23,11,4680,random,8,False,8
23,11,4680,information,9,False,9
23,12,63078,random,12,False,12
23,12,63078,information,9,False,9
23,13,13158,random,11,False,11
23,13,13158,information,9,False,9
23,14,18504,random,12,False,12
23,14,18504,information,8,False,8
23,15,36751,random,7,False,8
23,15,36751,information,8,False,8
23,16,136,random,12,False,12
23,16,136,information,9,False,9
23,17,15420,random,11,False,11
23,17,15420,information,9,False,9
23,18,53040,random,10,False,10
23,18,53040,information,9,False,9
23,19,38293,random,10,False,10
23,19,38293,information,9,False,9
24,0,62451,random,9,False,9
24,0,62451,information,9,False,9
24,1,27328,random,15,False,15
24,1,27328,information,8,False,8
24,2,50115,random,8,False,8
24,2,50115,information,8,False,8
24,3,13056,random,10,False,10
24,3,13056,information,9,False,9
24,4,15400,random,15,False,15
24,4,15400,information,9,False,9
24,5,12288,random,12,False,12
24,5,12288,information,9,False,9
24,6,13192,random,13,False,13
24,6,13192,information,9,False,9
24,7,12300,random,13,False,13
24,7,12300,information,9,False,9
24,8,61030,random,11,False,11
24,8,61030,information,9,False,9
24,9,61423,random,13,False,13
24,9,61423,information,9,False,9
24,10,3808,random,11,False,11
24,10,3808,information,9,False,9
24,11,62220,random,11,False,11
24,11,62220,information,8,False,8
24,12,64572,random,8,False,8
24,12,64572,information,9,False,9
24,13,8840,random,14,False,14
24,13,8840,information,8,False,8
24,14,65472,random,14,False,14
24,14,65472,information,9,False,9
24,15,21588,random,13,False,13
24,15,21588,information,9,False,9
24,16,62970,random,11,False,11
24,16,62970,information,9,False,9
24,17,64767,random,12,False,12
24,17,64767,information,8,False,8
24,18,102,random,11,False,11
24,18,102,information,9,False,9
24,19,34952,random,10,False,10
24,19,34952,information,9,False,9
25,0,26985,random,10,False,10
25,0,26985,information,9,False,9
25,1,65021,random,13,False,13
25,1,65021,information,9,False,9
25,2,136,random,14,False,14
25,2,136,information,9,False,9
25,3,15360,random,10,False,10
25,3,15360,information,9,False,9
25,4,21964,random,10,False,10
25,4,21964,information,9,False,9
25,5,56610,random,9,False,9
25,5,56610,information,9,False,9
25,6,39338,random,9,False,9
25,6,39338,information,9,False,9
25,7,960,random,12,False,12
25,7,960,information,9,False,9
25,8,64572,random,14,False,14
25,8,64572,information,9,False,9
25,9,17442,random,12,False,12
25,9,17442,information,9,False,9
25,10,771,random,8,False,8
25,10,771,information,9,False,9
25,11,49152,random,13,False,13
25,11,49152,information,8,False,8
25,12,32382,random,12,False,12
25,12,32382,information,9,False,9
25,13,3852,random,13,False,13
25,13,3852,information,9,False,9
25,14,50886,random,9,False,9
25,14,50886,information,9,False,9
25,15,4488,random,9,False,9
25,15,4488,information,9,False,9
25,16,49935,random,10,False,10
25,16,49935,information,9,False,9
25,17,61440,random,16,False,16
25,17,61440,information,9,False,9
25,18,63624,random,12,False,12
25,18,63624,information,8,False,8
25,19,65532,random,16,False,16
25,19,65532,information,10,False,10
26,0,64255,random,12,False,12
26,0,64255,information,8,False,8
26,1,13296,random,10,False,10
26,1,13296,information,9,False,9
26,2,60096,random,11,False,11
26,2,60096,information,9,False,9
26,3,13878,random,9,False,9
26,3,13878,information,8,False,8
26,4,34695,random,7,False,8
26,4,34695,information,8,False,8
26,5,52275,random,8,False,8
26,5,52275,information,8,False,8
26,6,46003,random,12,False,12
26,6,46003,information,9,False,9
26,7,1542,random,6,False,8
26,7,1542,information,7,False,8
26,8,4626,random,8,False,8
26,8,4626,information,9,False,9
26,9,65276,random,15,False,15
26,9,65276,information,10,False,10
26,10,64764,random,14,False,14
26,10,64764,information,9,False,9
26,11,39578,random,10,False,10
26,11,39578,information,9,False,9
26,12,960,random,11,False,11
26,12,960,information,9,False,9
26,13,63624,random,11,False,11
26,13,63624,information,9,False,9
26,14,61423,random,13,False,13
26,14,61423,information,8,False,8
26,15,53232,random,10,False,10
26,15,53232,information,9,False,9
26,16,42480,random,9,False,9
26,16,42480,information,9,False,9
26,17,12336,random,15,False,15
26,17,12336,information,9,False,9
26,18,56610,random,9,False,9
26,18,56610,information,9,False,9
26,19,32896,random,15,False,15
26,19,32896,information,8,False,8
27,0,57344,random,16,False,16
27,0,57344,information,9,False,9
27,1,40092,random,10,False,10
27,1,40092,information,9,False,9
27,2,61680,random,14,False,14
27,2,61680,information,9,False,9
27,3,20560,random,13,False,13
27,3,20560,information,9,False,9
27,4,21672,random,12,False,12
27,4,21672,information,9,False,9
27,5,13226,random,11,False,11
27,5,13226,information,9,False,9
27,6,2800,random,11,False,11
27,6,2800,information,9,False,9
27,7,2560,random,14,False,14
27,7,2560,information,9,False,9
27,8,17442,random,9,False,9
27,8,17442,information,9,False,9
27,9,65525,random,10,False,10
27,9,65525,information,9,False,9
27,10,45040,random,11,False,11
27,10,45040,information,9,False,9
27,11,23295,random,8,False,8
27,11,23295,information,9,False,9
27,12,17408,random,13,False,13
27,12,17408,information,9,False,9
27,13,26282,random,9,False,9
27,13,26282,information,9,False,9
27,14,65534,random,16,False,16
27,14,65534,information,12,False,12
27,15,65514,random,16,False,16
27,15,65514,information,9,False,9
27,16,30584,random,11,False,11
27,16,30584,information,9,False,9
27,17,13056,random,11,False,11
27,17,13056,information,9,False,9
27,18,16448,random,10,False,10
27,18,16448,information,8,False,8
27,19,16320,random,9,False,9
27,19,16320,information,9,False,9
28,0,4080,random,14,False,14
28,0,4080,information,8,False,8
28,1,64240,random,13,False,13
28,1,64240,information,9,False,9
28,2,4680,random,10,False,10
28,2,4680,information,9,False,9
28,3,46060,random,12,False,12
28,3,46060,information,9,False,9
28,4,51657,random,11,False,11
28,4,51657,information,8,False,8
28,5,62451,random,10,False,10
28,5,62451,information,9,False,9
28,6,12850,random,12,False,12
28,6,12850,information,9,False,9
28,7,15564,random,14,False,14
28,7,15564,information,9,False,9
28,8,5140,random,10,False,10
28,8,5140,information,9,False,9
28,9,56661,random,12,False,12
28,9,56661,information,9,False,9
28,10,39219,random,8,False,8
28,10,39219,information,9,False,9
28,11,64752,random,9,False,9
28,11,64752,information,9,False,9
28,12,31611,random,9,False,9
28,12,31611,information,8,False,8
28,13,14392,random,7,False,8
28,13,14392,information,9,False,9
28,14,15360,random,14,False,14
28,14,15360,information,9,False,9
28,15,8320,random,11,False,11
28,15,8320,information,10,False,10
28,16,28662,random,10,False,10
28,16,28662,information,9,False,9
28,17,11308,random,11,False,11
28,17,11308,information,9,False,9
28,18,52360,random,10,False,10
28,18,52360,information,9,False,9
28,19,13107,random,8,False,8
28,19,13107,information,9,False,9
29,0,46260,random,8,False,8
29,0,46260,information,8,False,8
29,1,2810,random,11,False,11
29,1,2810,information,9,False,9
29,2,24495,random,8,False,8
29,2,24495,information,9,False,9
29,3,52224,random,14,False,14
29,3,52224,information,8,False,8
29,4,52360,random,12,False,12
29,4,52360,information,9,False,9
29,5,21760,random,11,False,11
29,5,21760,information,9,False,9
29,6,3324,random,10,False,10
29,6,3324,information,8,False,8
29,7,43350,random,9,False,9
29,7,43350,information,9,False,9
29,8,24480,random,9,False,9
29,8,24480,information,9,False,9
29,9,29298,random,8,False,8
29,9,29298,information,9,False,9
29,10,30856,random,8,False,8
29,10,30856,information,9,False,9
29,11,170,random,11,False,11
29,11,170,information,9,False,9
29,12,255,random,14,False,14
29,12,255,information,9,False,9
29,13,4000,random,14,False,14
29,13,4000,information,9,False,9
29,14,36751,random,12,False,12
29,14,36751,information,9,False,9
29,15,57568,random,8,False,8
29,15,57568,information,9,False,9
29,16,15564,random,11,False,11
29,16,15564,information,9,False,9
29,17,65470,random,9,False,9
29,17,65470,information,9,False,9
29,18,24565,random,11,False,11
29,18,24565,information,9,False,9
29,19,3312,random,13,False,13
29,19,3312,information,9,False,9
30,0,45040,random,11,False,11
30,0,45040,information,9,False,9
30,1,65484,random,11,False,11
30,1,65484,information,9,False,9
30,2,21828,random,12,False,12
30,2,21828,information,9,False,9
30,3,52416,random,13,False,13
30,3,52416,information,9,False,9
30,4,252,random,10,False,10
30,4,252,information,9,False,9
30,5,53199,random,11,False,11
30,5,53199,information,9,False,9
30,6,57630,random,7,False,8
30,6,57630,information,9,False,9
30,7,65526,random,12,False,12
30,7,65526,information,10,False,10
30,8,14392,random,10,False,10
30,8,14392,information,9,False,9
30,9,17476,random,11,False,11
30,9,17476,information,9,False,9
30,10,1290,random,7,False,8
30,10,1290,information,9,False,9
30,11,30498,random,14,False,14
30,11,30498,information,9,False,9
30,12,26367,random,10,False,10
30,12,26367,information,9,False,9
30,13,56797,random,14,False,14
30,13,56797,information,9,False,9
30,14,5160,random,13,False,13
30,14,5160,information,9,False,9
30,15,3120,random,9,False,9
30,15,3120,information,8,False,8
30,16,38550,random,8,False,8
30,16,38550,information,8,False,8
30,17,60,random,9,False,9
30,17,60,information,9,False,9
30,18,43656,random,14,False,14
30,18,43656,information,9,False,9
30,19,16371,random,7,False,8
30,19,16371,information,8,False,8
31,0,102,random,11,False,11
31,0,102,information,9,False,9
31,1,39318,random,8,False,8
31,1,39318,information,8,False,8
31,2,4080,random,10,False,10
31,2,4080,information,9,False,9
31,3,64764,random,13,False,13
31,3,64764,information,9,False,9
31,4,29298,random,12,False,12
31,4,29298,information,9,False,9
31,5,8224,random,12,False,12
31,5,8224,information,8,False,8
31,6,61438,random,12,False,12
31,6,61438,information,11,False,11
31,7,1020,random,11,False,11
31,7,1020,information,9,False,9
31,8,7918,random,8,False,8
31,8,7918,information,8,False,8
31,9,44880,random,7,False,8
31,9,44880,information,9,False,9
31,10,16140,random,9,False,9
31,10,16140,information,9,False,9
31,11,62451,random,11,False,11
31,11,62451,information,9,False,9
31,12,64572,random,12,False,12
31,12,64572,information,9,False,9
31,13,8738,random,10,False,10
31,13,8738,information,9,False,9
31,14,64200,random,9,False,9
31,14,64200,information,8,False,8
31,15,255,random,11,False,11
31,15,255,information,9,False,9
31,16,60576,random,10,False,10
31,16,60576,information,9,False,9
31,17,2056,random,12,False,12
31,17,2056,information,8,False,8
31,18,6168,random,11,False,11
31,18,6168,information,9,False,9
31,19,63736,random,7,False,8
31,19,63736,information,9,False,9
32,0,3072,random,12,False,12
32,0,3072,information,8,False,8
32,1,15360,random,12,False,12
32,1,15360,information,8,False,8
32,2,8704,random,13,False,13
32,2,8704,information,9,False,9
32,3,21930,random,13,False,13
32,3,21930,information,9,False,9
32,4,61632,random,13,False,13
32,4,61632,information,9,False,9
32,5,16234,random,9,False,9
32,5,16234,information,8,False,8
32,6,42390,random,7,False,8
32,6,42390,information,9,False,9
32,7,238,random,10,False,10
32,7,238,information,9,False,9
32,8,62890,random,12,False,12
32,8,62890,information,9,False,9
32,9,816,random,8,False,8
32,9,816,information,9,False,9
32,10,3900,random,10,False,10
32,10,3900,information,9,False,9
32,11,23130,random,8,False,8
32,11,23130,information,9,False,9
32,12,43176,random,14,False,14
32,12,43176,information,9,False,9
32,13,23280,random,14,False,14
32,13,23280,information,9,False,9
32,14,1542,random,11,False,11
32,14,1542,information,9,False,9
32,15,43656,random,14,False,14
32,15,43656,information,9,False,9
32,16,61500,random,9,False,9
32,16,61500,information,9,False,9
32,17,39318,random,7,False,8
32,17,39318,information,9,False,9
32,18,26265,random,8,False,8
32,18,26265,information,8,False,8
32,19,52275,random,7,False,8
32,19,52275,information,9,False,9
33,0,49344,random,12,False,12
33,0,49344,information,9,False,9
33,1,12288,random,12,False,12
33,1,12288,information,9,False,9
33,2,54762,random,10,False,10
33,2,54762,information,8,False,8
33,3,16176,random,12,False,12
33,3,16176,information,9,False,9
33,4,65516,random,14,False,14
33,4,65516,information,10,False,10
33,5,20560,random,10,False,10
33,5,20560,information,9,False,9
33,6,40092,random,12,False,12
33,6,40092,information,9,False,9
33,7,57568,random,11,False,11
33,7,57568,information,9,False,9
33,8,43775,random,14,False,14
33,8,43775,information,9,False,9
33,9,43685,random,10,False,10
33,9,43685,information,9,False,9
33,10,13104,random,12,False,12
33,10,13104,information,9,False,9
33,11,52479,random,7,False,8
33,11,52479,information,9,False,9
33,12,42480,random,8,False,8
33,12,42480,information,9,False,9
33,13,23112,random,13,False,13
33,13,23112,information,9,False,9
33,14,61440,random,11,False,11
33,14,61440,information,10,False,10
33,15,40960,random,13,False,13
33,15,40960,information,9,False,9
33,16,36751,random,14,False,14
33,16,36751,information,8,False,8
33,17,20730,random,12,False,12
33,17,20730,information,9,False,9
33,18,61098,random,12,False,12
33,18,61098,information,9,False,9
33,19,56610,random,10,False,10
33,19,56610,information,9,False,9
34,0,43685,random,9,False,9
34,0,43685,information,9,False,9
34,1,25186,random,14,False,14
34,1,25186,information,9,False,9
34,2,50124,random,9,False,9
34,2,50124,information,8,False,8
34,3,250,random,13,False,13
34,3,250,information,9,False,9
34,4,15615,random,8,False,8
34,4,15615,information,9,False,9
34,5,252,random,13,False,13
34,5,252,information,9,False,9
34,6,28527,random,10,False,10
34,6,28527,information,9,False,9
34,7,26180,random,10,False,10
34,7,26180,information,9,False,9
34,8,2560,random,14,False,14
34,8,2560,information,9,False,9
34,9,32382,random,11,False,11
34,9,32382,information,9,False,9
34,10,21964,random,10,False,10
34,10,21964,information,9,False,9
34,11,24415,random,12,False,12
34,11,24415,information,9,False,9
34,12,3850,random,13,False,13
34,12,3850,information,9,False,9
34,13,43350,random,7,False,8
34,13,43350,information,8,False,8
34,14,65523,random,15,False,15
34,14,65523,information,9,False,9
34,15,8942,random,10,False,10
34,15,8942,information,8,False,8
34,16,3852,random,14,False,14
34,16,3852,information,9,False,9
34,17,20490,random,9,False,9
34,17,20490,information,8,False,8
34,18,24495,random,10,False,10
34,18,24495,information,9,False,9
34,19,52416,random,12,False,12
34,19,52416,information,9,False,9
35,0,46260,random,9,False,9
35,0,46260,information,9,False,9
35,1,23644,random,10,False,10
35,1,23644,information,10,False,10
35,2,64510,random,15,False,15
35,2,64510,information,12,False,12
35,3,5140,random,11,False,11
35,3,5140,information,9,False,9
35,4,64255,random,13,False,13
35,4,64255,information,9,False,9
35,5,24415,random,8,False,8
35,5,24415,information,9,False,9
35,6,8908,random,13,False,13
35,6,8908,information,9,False,9
35,7,21672,random,9,False,9
35,7,21672,information,9,False,9
35,8,34695,random,12,False,12
35,8,34695,information,8,False,8
35,9,17408,random,14,False,14
35,9,17408,information,9,False,9
35,10,49215,random,12,False,12
35,10,49215,information,8,False,8
35,11,2056,random,12,False,12
35,11,2056,information,9,False,9
35,12,43680,random,13,False,13
35,12,43680,information,9,False,9
35,13,64515,random,10,False,10
35,13,64515,information,9,False,9
35,14,65455,random,15,False,15
35,14,65455,information,9,False,9
35,15,20490,random,8,False,8
35,15,20490,information,9,False,9
35,16,57630,random,10,False,10
35,16,57630,information,8,False,8
35,17,26208,random,11,False,11
35,17,26208,information,8,False,8
35,18,65472,random,8,False,8
35,18,65472,information,9,False,9
35,19,62805,random,12,False,12
35,19,62805,information,9,False,9
36,0,23210,random,9,False,9
36,0,23210,information,9,False,9
36,1,1542,random,11,False,11
36,1,1542,information,8,False,8
36,2,192,random,12,False,12
36,2,192,information,9,False,9
36,3,65467,random,7,False,8
36,3,65467,information,9,False,9
36,4,65370,random,8,False,8
36,4,65370,information,8,False,8
36,5,21588,random,11,False,11
36,5,21588,information,9,False,9
36,6,3084,random,8,False,8
36,6,3084,information,9,False,9
36,7,0,random,15,False,15
36,7,0,information,10,False,10
36,8,42480,random,9,False,9
36,8,42480,information,9,False,9
36,9,53970,random,13,False,13
36,9,53970,information,9,False,9
36,10,12540,random,9,False,9
36,10,12540,information,9,False,9
36,11,16448,random,15,False,15
36,11,16448,information,9,False,9
36,12,19018,random,14,False,14
36,12,19018,information,9,False,9
36,13,63624,random,14,False,14
36,13,63624,information,9,False,9
36,14,57630,random,9,False,9
36,14,57630,information,9,False,9
36,15,34695,random,9,False,9
36,15,34695,information,8,False,8
36,16,26180,random,14,False,14
36,16,26180,information,9,False,9
36,17,48316,random,13,False,13
36,17,48316,information,9,False,9
36,18,45050,random,12,False,12
36,18,45050,information,10,False,10
36,19,3072,random,10,False,10
36,19,3072,information,9,False,9
37,0,61423,random,12,False,12
37,0,61423,information,9,False,9
37,1,52377,random,7,False,8
37,1,52377,information,10,False,10
37,2,3808,random,10,False,10
37,2,3808,information,9,False,9
37,3,53007,random,13,False,13
37,3,53007,information,9,False,9
37,4,60652,random,12,False,12
37,4,60652,information,8,False,8
37,5,64255,random,13,False,13
37,5,64255,information,9,False,9
37,6,65534,random,16,False,16
37,6,65534,information,12,False,12
37,7,56026,random,14,False,14
37,7,56026,information,9,False,9
37,8,43520,random,10,False,10
37,8,43520,information,9,False,9
37,9,780,random,9,False,9
37,9,780,information,8,False,8
37,10,54762,random,10,False,10
37,10,54762,information,9,False,9
37,11,26265,random,9,False,9
37,11,26265,information,9,False,9
37,12,34944,random,16,False,16
37,12,34944,information,9,False,9
37,13,43685,random,11,False,11
37,13,43685,information,9,False,9
37,14,65370,random,7,False,8
37,14,65370,information,8,False,8
37,15,4032,random,15,False,15
37,15,4032,information,9,False,9
37,16,38460,random,11,False,11
37,16,38460,information,9,False,9
37,17,52275,random,8,False,8
37,17,52275,information,9,False,9
37,18,65440,random,11,False,11
37,18,65440,information,7,False,8
37,19,20730,random,9,False,9
37,19,20730,information,9,False,9
38,0,56746,random,10,False,10
38,0,56746,information,10,False,10
38,1,32125,random,8,False,8
38,1,32125,information,9,False,9
38,2,32896,random,11,False,11
38,2,32896,information,10,False,10
38,3,64515,random,8,False,8
38,3,64515,information,9,False,9
38,4,62970,random,9,False,9
38,4,62970,information,9,False,9
38,5,3930,random,11,False,11
38,5,3930,information,9,False,9
38,6,2560,random,12,False,12
38,6,2560,information,9,False,9
38,7,26208,random,7,False,8
38,7,26208,information,9,False,9
38,8,61632,random,11,False,11
38,8,61632,information,10,False,10
38,9,39219,random,8,False,8
38,9,39219,information,8,False,8
38,10,26316,random,10,False,10
38,10,26316,information,9,False,9
38,11,1020,random,7,False,8
38,11,1020,information,9,False,9
38,12,52377,random,7,False,8
38,12,52377,information,9,False,9
38,13,60652,random,12,False,12
38,13,60652,information,8,False,8
38,14,12336,random,13,False,13
38,14,12336,information,9,False,9
38,15,51200,random,15,False,15
38,15,51200,information,9,False,9
38,16,24480,random,8,False,8
38,16,24480,information,9,False,9
38,17,23205,random,8,False,8
38,17,23205,information,9,False,9
38,18,18504,random,13,False,13
38,18,18504,information,9,False,9
38,19,62412,random,9,False,9
38,19,62412,information,8,False,8
39,0,14392,random,13,False,13
39,0,14392,information,9,False,9
39,1,17544,random,11,False,11
39,1,17544,information,9,False,9
39,2,27756,random,8,False,8
39,2,27756,information,9,False,9
39,3,240,random,12,False,12
39,3,240,information,9,False,9
39,4,13192,random,12,False,12
39,4,13192,information,9,False,9
39,5,15408,random,11,False,11
39,5,15408,information,9,False,9
39,6,29812,random,14,False,14
39,6,29812,information,9,False,9
39,7,63624,random,14,False,14
39,7,63624,information,8,False,8
39,8,48830,random,8,False,8
39,8,48830,information,8,False,8
39,9,51,random,7,False,8
39,9,51,information,9,False,9
39,10,56922,random,13,False,13
39,10,56922,information,9,False,9
39,11,65455,random,11,False,11
39,11,65455,information,9,False,9
39,12,17442,random,9,False,9
39,12,17442,information,9,False,9
39,13,61152,random,10,False,10
39,13,61152,information,9,False,9
39,14,25186,random,12,False,12
39,14,25186,information,9,False,9
39,15,62412,random,15,False,15
39,15,62412,information,8,False,8
39,16,12850,random,14,False,14
39,16,12850,information,9,False,9
39,17,65514,random,13,False,13
39,17,65514,information,9,False,9
39,18,21845,random,9,False,9
39,18,21845,information,9,False,9
39,19,61132,random,12,False,12
39,19,61132,information,9,False,9
40,0,38490,random,11,False,11
40,0,38490,information,9,False,9
40,1,49980,random,7,False,8
40,1,49980,information,9,False,9
40,2,43673,random,10,False,10
40,2,43673,information,8,False,8
40,3,255,random,11,False,11
40,3,255,information,9,False,9
40,4,16380,random,12,False,12
40,4,16380,information,8,False,8
40,5,20730,random,10,False,10
40,5,20730,information,8,False,8
40,6,60652,random,11,False,11
40,6,60652,information,8,False,8
40,7,56661,random,10,False,10
40,7,56661,information,9,False,9
40,8,13878,random,10,False,10
40,8,13878,information,8,False,8
40,9,4626,random,13,False,13
40,9,4626,information,8,False,8
40,10,64752,random,12,False,12
40,10,64752,information,8,False,8
40,11,24565,random,6,False,8
40,11,24565,information,9,False,9
40,12,20560,random,10,False,10
40,12,20560,information,9,False,9
40,13,64240,random,10,False,10
40,13,64240,information,9,False,9
40,14,34952,random,13,False,13
40,14,34952,information,10,False,10
40,15,65518,random,15,False,15
40,15,65518,information,10,False,10
40,16,250,random,12,False,12
40,16,250,information,9,False,9
40,17,43685,random,6,False,8
40,17,43685,information,8,False,8
40,18,64090,random,11,False,11
40,18,64090,information,9,False,9
40,19,4680,random,12,False,12
40,19,4680,information,9,False,9
41,0,27242,random,11,False,11
41,0,27242,information,8,False,8
41,1,23295,random,9,False,9
41,1,23295,information,8,False,8
41,2,16140,random,9,False,9
41,2,16140,information,9,False,9
41,3,12288,random,11,False,11
41,3,12288,information,9,False,9
41,4,27756,random,11,False,11
41,4,27756,information,9,False,9
41,5,49971,random,12,False,12
41,5,49971,information,9,False,9
41,6,61500,random,9,False,9
41,6,61500,information,8,False,8
41,7,21588,random,12,False,12
41,7,21588,information,9,False,9
41,8,48059,random,12,False,12
41,8,48059,information,8,False,8
41,9,20560,random,15,False,15
41,9,20560,information,8,False,8
41,10,27328,random,10,False,10
41,10,27328,information,8,False,8
41,11,63736,random,13,False,13
41,11,63736,information,9,False,9
41,12,64752,random,10,False,10
41,12,64752,information,9,False,9
41,13,85,random,11,False,11
41,13,85,information,9,False,9
41,14,65280,random,8,False,8
41,14,65280,information,8,False,8
41,15,16512,random,15,False,15
41,15,16512,information,10,False,10
41,16,60138,random,12,False,12
41,16,60138,information,9,False,9
41,17,170,random,12,False,12
41,17,170,information,8,False,8
41,18,34944,random,16,False,16
41,18,34944,information,8,False,8
41,19,8942,random,11,False,11
41,19,8942,information,8,False,8
42,0,56746,random,12,False,12
42,0,56746,information,8,False,8
42,1,4080,random,11,False,11
42,1,4080,information,9,False,9
42,2,238,random,12,False,12
42,2,238,information,9,False,9
42,3,64200,random,12,False,12
42,3,64200,information,8,False,8
42,4,20490,random,10,False,10
42,4,20490,information,9,False,9
42,5,16380,random,10,False,10
42,5,16380,information,9,False,9
42,6,15555,random,9,False,9
42,6,15555,information,8,False,8
42,7,7918,random,9,False,9
42,7,7918,information,9,False,9
42,8,64090,random,13,False,13
42,8,64090,information,9,False,9
42,9,3930,random,8,False,8
42,9,3930,information,9,False,9
42,10,61152,random,12,False,12
42,10,61152,information,9,False,9
42,11,46060,random,9,False,9
42,11,46060,information,9,False,9
42,12,3324,random,10,False,10
42,12,3324,information,9,False,9
42,13,51200,random,14,False,14
42,13,51200,information,9,False,9
42,14,32190,random,11,False,11
42,14,32190,information,9,False,9
42,15,255,random,12,False,12
42,15,255,information,9,False,9
42,16,252,random,14,False,14
42,16,252,information,10,False,10
42,17,3840,random,15,False,15
42,17,3840,information,9,False,9
42,18,15400,random,13,False,13
42,18,15400,information,9,False,9
42,19,16176,random,10,False,10
42,19,16176,information,9,False,9
43,0,816,random,7,False,8
43,0,816,information,9,False,9
43,1,21672,random,12,False,12
43,1,21672,information,9,False,9
43,2,61605,random,9,False,9
43,2,61605,information,9,False,9
43,3,64752,random,13,False,13
43,3,64752,information,9,False,9
43,4,8320,random,9,False,9
43,4,8320,information,8,False,8
43,5,38550,random,8,False,8
43,5,38550,information,9,False,9
43,6,26265,random,7,False,8
43,6,26265,information,9,False,9
43,7,61030,random,10,False,10
43,7,61030,information,9,False,9
43,8,61632,random,14,False,14
43,8,61632,information,8,False,8
43,9,65382,random,9,False,9
43,9,65382,information,10,False,10
43,10,3852,random,13,False,13
43,10,3852,information,9,False,9
43,11,38293,random,8,False,8
43,11,38293,information,9,False,9
43,12,52224,random,10,False,10
43,12,52224,information,9,False,9
43,13,42405,random,7,False,8
43,13,42405,information,8,False,8
43,14,52377,random,7,False,8
43,14,52377,information,9,False,9
43,15,170,random,12,False,12
43,15,170,information,9,False,9
43,16,43520,random,9,False,9
43,16,43520,information,8,False,8
43,17,34695,random,11,False,11
43,17,34695,information,9,False,9
43,18,49971,random,9,False,9
43,18,49971,information,9,False,9
43,19,26282,random,8,False,8
43,19,26282,information,8,False,8
44,0,30685,random,13,False,13
44,0,30685,information,9,False,9
44,1,43622,random,14,False,14
44,1,43622,information,9,False,9
44,2,45050,random,10,False,10
44,2,45050,information,9,False,9
44,3,61680,random,11,False,11
44,3,61680,information,9,False,9
44,4,4369,random,10,False,10
44,4,4369,information,8,False,8
44,5,12540,random,12,False,12
44,5,12540,information,8,False,8
44,6,27030,random,10,False,10
44,6,27030,information,8,False,8
44,7,15564,random,9,False,9
44,7,15564,information,9,False,9
44,8,21828,random,12,False,12
44,8,21828,information,9,False,9
44,9,250,random,13,False,13
44,9,250,information,9,False,9
44,10,49280,random,12,False,12
44,10,49280,information,9,False,9
44,11,85,random,11,False,11
44,11,85,information,9,False,9
44,12,3900,random,10,False,10
44,12,3900,information,9,False,9
44,13,9252,random,9,False,9
44,13,9252,information,8,False,8
44,14,65274,random,15,False,15
44,14,65274,information,9,False,9
44,15,43520,random,11,False,11
44,15,43520,information,10,False,10
44,16,61455,random,10,False,10
44,16,61455,information,8,False,8
44,17,21930,random,15,False,15
44,17,21930,information,9,False,9
44,18,61600,random,11,False,11
44,18,61600,information,9,False,9
44,19,56026,random,15,False,15
44,19,56026,information,9,False,9
45,0,20480,random,10,False,10
45,0,20480,information,9,False,9
45,1,31611,random,11,False,11
45,1,31611,information,9,False,9
45,2,41120,random,13,False,13
45,2,41120,information,8,False,8
45,3,17476,random,10,False,10
45,3,17476,information,8,False,8
45,4,3120,random,10,False,10
45,4,3120,information,10,False,10
45,5,21930,random,12,False,12
45,5,21930,information,9,False,9
45,6,24400,random,13,False,13
45,6,24400,information,8,False,8
45,7,204,random,12,False,12
45,7,204,information,9,False,9
45,8,2800,random,10,False,10
45,8,2800,information,9,False,9
45,9,41055,random,9,False,9
45,9,41055,information,9,False,9
45,10,90,random,13,False,13
45,10,90,information,8,False,8
45,11,4095,random,9,False,9
45,11,4095,information,8,False,8
45,12,21588,random,14,False,14
45,12,21588,information,8,False,8
45,13,65484,random,16,False,16
45,13,65484,information,9,False,9
45,14,4382,random,8,False,8
45,14,4382,information,9,False,9
45,15,22102,random,9,False,9
45,15,22102,information,8,False,8
45,16,64240,random,12,False,12
45,16,64240,information,9,False,9
45,17,57344,random,12,False,12
45,17,57344,information,9,False,9
45,18,780,random,9,False,9
45,18,780,information,9,False,9
45,19,53232,random,13,False,13
45,19,53232,information,9,False,9
46,0,3072,random,10,False,10
46,0,3072,information,9,False,9
46,1,30532,random,9,False,9
46,1,30532,information,9,False,9
46,2,854,random,9,False,9
46,2,854,information,9,False,9
46,3,50886,random,9,False,9
46,3,50886,information,9,False,9
46,4,50160,random,10,False,10
46,4,50160,information,9,False,9
46,5,15615,random,9,False,9
46,5,15615,information,9,False,9
46,6,56026,random,8,False,8
46,6,56026,information,9,False,9
46,7,43605,random,9,False,9
46,7,43605,information,9,False,9
46,8,8840,random,11,False,11
46,8,8840,information,9,False,9
46,9,50115,random,9,False,9
46,9,50115,information,8,False,8
46,10,44975,random,11,False,11
46,10,44975,information,9,False,9
46,11,65467,random,9,False,9
46,11,65467,information,9,False,9
46,12,255,random,13,False,13
46,12,255,information,9,False,9
46,13,252,random,8,False,8
46,13,252,information,8,False,8
46,14,2640,random,9,False,9
46,14,2640,information,10,False,10
46,15,65295,random,15,False,15
46,15,65295,information,8,False,8
46,16,23050,random,10,False,10
46,16,23050,information,9,False,9
46,17,54762,random,9,False,9
46,17,54762,information,9,False,9
46,18,65525,random,10,False,10
46,18,65525,information,8,False,8
46,19,1440,random,13,False,13
46,19,1440,information,9,False,9
47,0,24576,random,16,False,16
47,0,24576,information,9,False,9
47,1,2176,random,12,False,12
47,1,2176,information,9,False,9
47,2,34680,random,10,False,10
47,2,34680,information,9,False,9
47,3,48059,random,11,False,11
47,3,48059,information,9,False,9
47,4,38293,random,10,False,10
47,4,38293,information,9,False,9
47,5,49344,random,12,False,12
47,5,49344,information,8,False,8
47,6,24428,random,6,False,8
47,6,24428,information,9,False,9
47,7,17476,random,10,False,10
47,7,17476,information,9,False,9
47,8,43433,random,10,False,10
47,8,43433,information,8,False,8
47,9,27756,random,11,False,11
47,9,27756,information,9,False,9
47,10,28662,random,10,False,10
47,10,28662,information,8,False,8
47,11,52479,random,12,False,12
47,11,52479,information,8,False,8
47,12,854,random,10,False,10
47,12,854,information,9,False,9
47,13,65440,random,14,False,14
47,13,65440,information,9,False,9
47,14,31710,random,9,False,9
47,14,31710,information,9,False,9
47,15,60096,random,8,False,8
47,15,60096,information,8,False,8
47,16,238,random,13,False,13
47,16,238,information,9,False,9
47,17,3930,random,10,False,10
47,17,3930,information,8,False,8
47,18,0,random,14,False,14
47,18,0,information,10,False,10
47,19,18432,random,14,False,14
47,19,18432,information,10,False,10
48,0,46260,random,10,False,10
48,0,46260,information,8,False,8
48,1,22616,random,13,False,13
48,1,22616,information,9,False,9
48,2,5140,random,12,False,12
48,2,5140,information,8,False,8
48,3,48110,random,8,False,8
48,3,48110,information,9,False,9
48,4,62451,random,11,False,11
48,4,62451,information,9,False,9
48,5,44815,random,9,False,9
48,5,44815,information,9,False,9
48,6,21920,random,14,False,14
48,6,21920,information,9,False,9
48,7,65416,random,10,False,10
48,7,65416,information,8,False,8
48,8,42662,random,10,False,10
48,8,42662,information,9,False,9
48,9,13158,random,9,False,9
48,9,13158,information,9,False,9
48,10,62460,random,12,False,12
48,10,62460,information,11,False,11
48,11,64752,random,11,False,11
48,11,64752,information,8,False,8
48,12,34935,random,11,False,11
48,12,34935,information,9,False,9
48,13,11822,random,8,False,8
48,13,11822,information,9,False,9
48,14,8942,random,10,False,10
48,14,8942,information,10,False,10
48,15,65484,random,9,False,9
48,15,65484,information,9,False,9
48,16,59110,random,11,False,11
48,16,59110,information,9,False,9
48,17,4032,random,11,False,11
48,17,4032,information,9,False,9
48,18,42325,random,15,False,15
48,18,42325,information,8,False,8
48,19,57344,random,13,False,13
48,19,57344,information,9,False,9
49,0,2570,random,9,False,9
49,0,2570,information,8,False,8
49,1,24480,random,11,False,11
49,1,24480,information,8,False,8
49,2,30840,random,8,False,8
49,2,30840,information,9,False,9
49,3,4044,random,9,False,9
49,3,4044,information,9,False,9
49,4,23120,random,14,False,14
49,4,23120,information,9,False,9
49,5,64512,random,10,False,10
49,5,64512,information,8,False,8
49,6,48059,random,9,False,9
49,6,48059,information,9,False,9
49,7,43350,random,10,False,10
49,7,43350,information,8,False,8
49,8,65484,random,14,False,14
49,8,65484,information,8,False,8
49,9,1334,random,9,False,9
49,9,1334,information,8,False,8
49,10,61183,random,15,False,15
49,10,61183,information,8,False,8
49,11,1020,random,13,False,13
49,11,1020,information,9,False,9
49,12,64680,random,10,False,10
49,12,64680,information,8,False,8
49,13,64005,random,8,False,8
49,13,64005,information,8,False,8
49,14,20560,random,11,False,11
49,14,20560,information,9,False,9
49,15,8942,random,11,False,11
49,15,8942,information,8,False,8
49,16,38293,random,10,False,10
49,16,38293,information,8,False,8
49,17,64000,random,12,False,12
49,17,64000,information,9,False,9
49,18,1285,random,10,False,10
49,18,1285,information,9,False,9
49,19,54741,random,13,False,13
49,19,54741,information,9,False,9
50,0,42390,random,9,False,9
50,0,42390,information,9,False,9
50,1,18504,random,11,False,11
50,1,18504,information,9,False,9
50,2,26180,random,11,False,11
50,2,26180,information,9,False,9
50,3,56661,random,13,False,13
50,3,56661,information,9,False,9
50,4,16371,random,7,False,8
50,4,16371,information,9,False,9
50,5,61530,random,11,False,11
50,5,61530,information,8,False,8
50,6,39338,random,9,False,9
50,6,39338,information,9,False,9
50,7,64767,random,13,False,13
50,7,64767,information,9,False,9
50,8,23210,random,8,False,8
50,8,23210,information,9,False,9
50,9,3312,random,12,False,12
50,9,3312,information,9,False,9
50,10,44975,random,9,False,9
50,10,44975,information,9,False,9
50,11,23040,random,12,False,12
50,11,23040,information,9,False,9
50,12,15555,random,9,False,9
50,12,15555,information,8,False,8
50,13,61152,random,12,False,12
50,13,61152,information,9,False,9
50,14,48110,random,11,False,11
50,14,48110,information,9,False,9
50,15,8908,random,10,False,10
50,15,8908,information,9,False,9
50,16,24495,random,8,False,8
50,16,24495,information,9,False,9
50,17,65525,random,12,False,12
50,17,65525,information,9,False,9
50,18,3855,random,9,False,9
50,18,3855,information,9,False,9
50,19,23050,random,13,False,13
50,19,23050,information,9,False,9
51,0,16371,random,7,False,8
51,0,16371,information,9,False,9
51,1,42480,random,9,False,9
51,1,42480,information,9,False,9
51,2,47940,random,10,False,10
51,2,47940,information,8,False,8
51,3,10280,random,14,False,14
51,3,10280,information,9,False,9
51,4,16380,random,10,False,10
51,4,16380,information,9,False,9
51,5,65520,random,13,False,13
51,5,65520,information,8,False,8
51,6,16140,random,10,False,10
51,6,16140,information,9,False,9
51,7,65532,random,12,False,12
51,7,65532,information,10,False,10
51,8,17442,random,12,False,12
51,8,17442,information,9,False,9
51,9,30498,random,13,False,13
51,9,30498,information,9,False,9
51,10,46260,random,9,False,9
51,10,46260,information,9,False,9
51,11,39219,random,8,False,8
51,11,39219,information,8,False,8
51,12,63736,random,14,False,14
51,12,63736,information,9,False,9
51,13,61605,random,9,False,9
51,13,61605,information,9,False,9
51,14,43673,random,7,False,8
51,14,43673,information,9,False,9
51,15,54741,random,11,False,11
51,15,54741,information,9,False,9
51,16,24428,random,11,False,11
51,16,24428,information,8,False,8
51,17,50160,random,11,False,11
51,17,50160,information,8,False,8
51,18,60138,random,12,False,12
51,18,60138,information,8,False,8
51,19,26112,random,8,False,8
51,19,26112,information,9,False,9
52,0,19018,random,12,False,12
52,0,19018,information,10,False,10
52,1,1440,random,10,False,10
52,1,1440,information,9,False,9
52,2,63078,random,12,False,12
52,2,63078,information,8,False,8
52,3,43433,random,12,False,12
52,3,43433,information,9,False,9
52,4,41055,random,11,False,11
52,4,41055,information,9,False,9
52,5,26265,random,7,False,8
52,5,26265,information,8,False,8
52,6,30651,random,13,False,13
52,6,30651,information,9,False,9
52,7,771,random,11,False,11
52,7,771,information,10,False,10
52,8,7918,random,9,False,9
52,8,7918,information,8,False,8
52,9,10240,random,16,False,16
52,9,10240,information,8,False,8
52,10,65450,random,13,False,13
52,10,65450,information,9,False,9
52,11,30840,random,14,False,14
52,11,30840,information,8,False,8
52,12,65530,random,14,False,14
52,12,65530,information,10,False,10
52,13,13056,random,12,False,12
52,13,13056,information,9,False,9
52,14,24495,random,7,False,8
52,14,24495,information,9,False,9
52,15,34952,random,11,False,11
52,15,34952,information,10,False,10
52,16,54741,random,13,False,13
52,16,54741,information,8,False,8
52,17,0,random,14,False,14
52,17,0,information,10,False,10
52,18,46003,random,9,False,9
52,18,46003,information,10,False,10
52,19,27808,random,11,False,11
52,19,27808,information,8,False,8
53,0,52479,random,8,False,8
53,0,52479,information,9,False,9
53,1,15372,random,10,False,10
53,1,15372,information,9,False,9
53,2,38460,random,12,False,12
53,2,38460,information,9,False,9
53,3,42480,random,10,False,10
53,3,42480,information,10,False,10
53,4,62451,random,11,False,11
53,4,62451,information,9,False,9
53,5,41055,random,9,False,9
53,5,41055,information,9,False,9
53,6,62805,random,9,False,9
53,6,62805,information,8,False,8
53,7,43622,random,8,False,8
53,7,43622,information,8,False,8
53,8,26112,random,13,False,13
53,8,26112,information,9,False,9
53,9,64000,random,10,False,10
53,9,64000,information,9,False,9
53,10,38293,random,7,False,8
53,10,38293,information,9,False,9
53,11,63222,random,11,False,11
53,11,63222,information,8,False,8
53,12,252,random,11,False,11
53,12,252,information,9,False,9
53,13,780,random,9,False,9
53,13,780,information,9,False,9
53,14,12300,random,12,False,12
53,14,12300,information,8,False,8
53,15,24480,random,9,False,9
53,15,24480,information,9,False,9
53,16,64255,random,12,False,12
53,16,64255,information,9,False,9
53,17,5140,random,8,False,8
53,17,5140,information,8,False,8
53,18,17578,random,13,False,13
53,18,17578,information,8,False,8
53,19,64240,random,12,False,12
53,19,64240,information,8,False,8
54,0,7710,random,12,False,12
54,0,7710,information,9,False,9
54,1,34944,random,16,False,16
54,1,34944,information,8,False,8
54,2,48076,random,9,False,9
54,2,48076,information,10,False,10
54,3,21862,random,9,False,9
54,3,21862,information,8,False,8
54,4,41055,random,9,False,9
54,4,41055,information,9,False,9
54,5,41120,random,15,False,15
54,5,41120,information,9,False,9
54,6,27030,random,6,False,8
54,6,27030,information,8,False,8
54,7,15408,random,15,False,15
54,7,15408,information,9,False,9
54,8,36856,random,9,False,9
54,8,36856,information,9,False,9
54,9,23210,random,15,False,15
54,9,23210,information,9,False,9
54,10,49971,random,8,False,8
54,10,49971,information,9,False,9
54,11,63736,random,12,False,12
54,11,63736,information,9,False,9
54,12,27242,random,12,False,12
54,12,27242,information,9,False,9
54,13,14074,random,10,False,10
54,13,14074,information,9,False,9
54,14,62970,random,10,False,10
54,14,62970,information,8,False,8
54,15,13260,random,8,False,8
54,15,13260,information,9,False,9
54,16,1530,random,11,False,11
54,16,1530,information,9,False,9
54,17,42330,random,6,False,8
54,17,42330,information,9,False,9
54,18,65455,random,7,False,8
54,18,65455,information,9,False,9
54,19,47923,random,10,False,10
54,19,47923,information,9,False,9
55,0,3808,random,11,False,11
55,0,3808,information,9,False,9
55,1,13226,random,13,False,13
55,1,13226,information,9,False,9
55,2,8772,random,15,False,15
55,2,8772,information,9,False,9
55,3,64170,random,11,False,11
55,3,64170,information,8,False,8
55,4,21920,random,13,False,13
55,4,21920,information,9,False,9
55,5,3084,random,13,False,13
55,5,3084,information,9,False,9
55,6,64255,random,14,False,14
55,6,64255,information,9,False,9
55,7,13090,random,8,False,8
55,7,13090,information,9,False,9
55,8,3598,random,8,False,8
55,8,3598,information,9,False,9
55,9,24576,random,11,False,11
55,9,24576,information,8,False,8
55,10,62965,random,14,False,14
55,10,62965,information,8,False,8
55,11,60576,random,15,False,15
55,11,60576,information,9,False,9
55,12,39321,random,10,False,10
55,12,39321,information,8,False,8
55,13,45040,random,12,False,12
55,13,45040,information,10,False,10
55,14,27756,random,11,False,11
55,14,27756,information,9,False,9
55,15,27808,random,7,False,8
55,15,27808,information,9,False,9
55,16,42480,random,12,False,12
55,16,42480,information,9,False,9
55,17,30600,random,10,False,10
55,17,30600,information,9,False,9
55,18,23040,random,11,False,11
55,18,23040,information,9,False,9
55,19,62890,random,11,False,11
55,19,62890,information,9,False,9
56,0,48316,random,11,False,11
56,0,48316,information,8,False,8
56,1,90,random,9,False,9
56,1,90,information,10,False,10
56,2,39338,random,7,False,8
56,2,39338,information,10,False,10
56,3,57630,random,7,False,8
56,3,57630,information,9,False,9
56,4,43656,random,13,False,13
56,4,43656,information,9,False,9
56,5,21920,random,13,False,13
56,5,21920,information,9,False,9
56,6,65021,random,14,False,14
56,6,65021,information,9,False,9
56,7,45050,random,12,False,12
56,7,45050,information,10,False,10
56,8,32125,random,12,False,12
56,8,32125,information,8,False,8
56,9,62259,random,8,False,8
56,9,62259,information,9,False,9
56,10,16140,random,13,False,13
56,10,16140,information,8,False,8
56,11,3850,random,8,False,8
56,11,3850,information,9,False,9
56,12,26316,random,12,False,12
56,12,26316,information,9,False,9
56,13,53007,random,13,False,13
56,13,53007,information,9,False,9
56,14,2570,random,12,False,12
56,14,2570,information,9,False,9
56,15,24330,random,9,False,9
56,15,24330,information,9,False,9
56,16,56814,random,10,False,10
56,16,56814,information,10,False,10
56,17,17442,random,9,False,9
56,17,17442,information,9,False,9
56,18,49407,random,12,False,12
56,18,49407,information,9,False,9
56,19,14074,random,8,False,8
56,19,14074,information,9,False,9
57,0,960,random,9,False,9
57,0,960,information,9,False,9
57,1,26214,random,14,False,14
57,1,26214,information,9,False,9
57,2,50886,random,8,False,8
57,2,50886,information,10,False,10
57,3,52326,random,8,False,8
57,3,52326,information,9,False,9
57,4,170,random,15,False,15
57,4,170,information,9,False,9
57,5,15564,random,10,False,10
57,5,15564,information,9,False,9
57,6,43520,random,14,False,14
57,6,43520,information,9,False,9
57,7,23112,random,10,False,10
57,7,23112,information,9,False,9
57,8,39578,random,8,False,8
57,8,39578,information,8,False,8
57,9,21828,random,14,False,14
57,9,21828,information,8,False,8
57,10,34935,random,8,False,8
57,10,34935,information,8,False,8
57,11,56610,random,9,False,9
57,11,56610,information,9,False,9
57,12,65532,random,13,False,13
57,12,65532,information,11,False,11
57,13,26985,random,6,False,8
57,13,26985,information,9,False,9
57,14,192,random,11,False,11
57,14,192,information,10,False,10
57,15,64005,random,9,False,9
57,15,64005,information,8,False,8
57,16,11822,random,12,False,12
57,16,11822,information,9,False,9
57,17,43605,random,9,False,9
57,17,43605,information,9,False,9
57,18,26282,random,12,False,12
57,18,26282,information,9,False,9
57,19,30498,random,12,False,12
57,19,30498,information,9,False,9
58,0,50070,random,8,False,8
58,0,50070,information,9,False,9
58,1,13226,random,11,False,11
58,1,13226,information,9,False,9
58,2,13878,random,13,False,13
58,2,13878,information,9,False,9
58,3,64170,random,11,False,11
58,3,64170,information,9,False,9
58,4,56797,random,12,False,12
58,4,56797,information,9,False,9
58,5,13260,random,12,False,12
58,5,13260,information,9,False,9
58,6,960,random,11,False,11
58,6,960,information,9,False,9
58,7,13158,random,10,False,10
58,7,13158,information,8,False,8
58,8,37779,random,11,False,11
58,8,37779,information,8,False,8
58,9,30600,random,11,False,11
58,9,30600,information,8,False,8
58,10,24576,random,14,False,14
58,10,24576,information,10,False,10
58,11,21760,random,12,False,12
58,11,21760,information,9,False,9
58,12,65472,random,11,False,11
58,12,65472,information,9,False,9
58,13,17578,random,10,False,10
58,13,17578,information,9,False,9
58,14,65470,random,14,False,14
58,14,65470,information,10,False,10
58,15,52479,random,11,False,11
58,15,52479,information,9,False,9
58,16,31710,random,11,False,11
58,16,31710,information,9,False,9
58,17,21588,random,12,False,12
58,17,21588,information,9,False,9
58,18,49980,random,10,False,10
58,18,49980,information,9,False,9
58,19,4000,random,13,False,13
58,19,4000,information,9,False,9
59,0,15555,random,8,False,8
59,0,15555,information,8,False,8
59,1,3312,random,14,False,14
59,1,3312,information,9,False,9
59,2,57568,random,11,False,11
59,2,57568,information,9,False,9
59,3,38502,random,7,False,8
59,3,38502,information,8,False,8
59,4,204,random,12,False,12
59,4,204,information,9,False,9
59,5,6168,random,11,False,11
59,5,6168,information,9,False,9
59,6,21896,random,11,False,11
59,6,21896,information,9,False,9
59,7,62460,random,9,False,9
59,7,62460,information,9,False,9
59,8,61183,random,12,False,12
59,8,61183,information,9,False,9
59,9,53199,random,8,False,8
59,9,53199,information,9,False,9
59,10,90,random,10,False,10
59,10,90,information,8,False,8
59,11,65528,random,16,False,16
59,11,65528,information,9,False,9
59,12,41088,random,16,False,16
59,12,41088,information,9,False,9
59,13,26985,random,7,False,8
59,13,26985,information,9,False,9
59,14,65472,random,15,False,15
59,14,65472,information,8,False,8
59,15,44880,random,15,False,15
59,15,44880,information,9,False,9
59,16,21862,random,11,False,11
59,16,21862,information,9,False,9
59,17,64716,random,14,False,14
59,17,64716,information,9,False,9
59,18,9252,random,10,False,10
59,18,9252,information,10,False,10
59,19,63624,random,13,False,13
59,19,63624,information,8,False,8
60,0,22000,random,9,False,9
60,0,22000,information,9,False,9
60,1,21588,random,11,False,11
60,1,21588,information,8,False,8
60,2,49971,random,10,False,10
60,2,49971,information,8,False,8
60,3,8908,random,10,False,10
60,3,8908,information,8,False,8
60,4,18432,random,13,False,13
60,4,18432,information,10,False,10
60,5,15615,random,12,False,12
60,5,15615,information,9,False,9
60,6,65484,random,15,False,15
60,6,65484,information,10,False,10
60,7,41055,random,8,False,8
60,7,41055,information,9,False,9
60,8,39270,random,7,False,8
60,8,39270,information,9,False,9
60,9,23295,random,10,False,10
60,9,23295,information,8,False,8
60,10,960,random,14,False,14
60,10,960,information,9,False,9
60,11,65382,random,10,False,10
60,11,65382,information,9,False,9
60,12,3840,random,13,False,13
60,12,3840,information,8,False,8
60,13,60652,random,12,False,12
60,13,60652,information,9,False,9
60,14,13090,random,10,False,10
60,14,13090,information,9,False,9
60,15,28527,random,8,False,8
60,15,28527,information,9,False,9
60,16,1285,random,11,False,11
60,16,1285,information,8,False,8
60,17,16320,random,8,False,8
60,17,16320,information,8,False,8
60,18,56746,random,12,False,12
60,18,56746,information,8,False,8
60,19,65416,random,13,False,13
60,19,65416,information,8,False,8
61,0,42330,random,10,False,10
61,0,42330,information,9,False,9
61,1,13056,random,10,False,10
61,1,13056,information,9,False,9
61,2,48110,random,12,False,12
61,2,48110,information,8,False,8
61,3,15372,random,11,False,11
61,3,15372,information,8,False,8
61,4,65487,random,10,False,10
61,4,65487,information,9,False,9
61,5,23112,random,14,False,14
61,5,23112,information,9,False,9
61,6,21845,random,12,False,12
61,6,21845,information,9,False,9
61,7,65470,random,14,False,14
61,7,65470,information,9,False,9
61,8,61530,random,7,False,8
61,8,61530,information,9,False,9
61,9,250,random,10,False,10
61,9,250,information,9,False,9
61,10,41088,random,14,False,14
61,10,41088,information,9,False,9
61,11,25700,random,14,False,14
61,11,25700,information,8,False,8
61,12,2560,random,11,False,11
61,12,2560,information,9,False,9
61,13,30600,random,9,False,9
61,13,30600,information,9,False,9
61,14,38550,random,8,False,8
61,14,38550,information,9,False,9
61,15,23210,random,12,False,12
61,15,23210,information,9,False,9
61,16,12288,random,14,False,14
61,16,12288,information,9,False,9
61,17,23644,random,10,False,10
61,17,23644,information,9,False,9
61,18,54762,random,10,False,10
61,18,54762,information,9,False,9
61,19,60,random,9,False,9
61,19,60,information,8,False,8
62,0,49935,random,7,False,8
62,0,49935,information,9,False,9
62,1,12480,random,9,False,9
62,1,12480,information,9,False,9
62,2,2560,random,13,False,13
62,2,2560,information,10,False,10
62,3,65514,random,14,False,14
62,3,65514,information,9,False,9
62,4,16234,random,11,False,11
62,4,16234,information,9,False,9
62,5,39219,random,7,False,8
62,5,39219,information,9,False,9
62,6,22015,random,7,False,8
62,6,22015,information,9,False,9
62,7,61030,random,9,False,9
62,7,61030,information,9,False,9
62,8,25186,random,14,False,14
62,8,25186,information,9,False,9
62,9,12336,random,8,False,8
62,9,12336,information,9,False,9
62,10,43176,random,12,False,12
62,10,43176,information,9,False,9
62,11,13104,random,12,False,12
62,11,13104,information,10,False,10
62,12,10280,random,10,False,10
62,12,10280,information,9,False,9
62,13,60,random,9,False,9
62,13,60,information,8,False,8
62,14,17578,random,10,False,10
62,14,17578,information,9,False,9
62,15,56661,random,12,False,12
62,15,56661,information,9,False,9
62,16,4420,random,10,False,10
62,16,4420,information,8,False,8
62,17,252,random,12,False,12
62,17,252,information,9,False,9
62,18,39321,random,13,False,13
62,18,39321,information,8,False,8
62,19,43610,random,12,False,12
62,19,43610,information,9,False,9
63,0,36751,random,14,False,14
63,0,36751,information,9,False,9
63,1,21845,random,8,False,8
63,1,21845,information,9,False,9
63,2,17408,random,10,False,10
63,2,17408,information,10,False,10
63,3,41055,random,7,False,8
63,3,41055,information,9,False,9
63,4,60096,random,16,False,16
63,4,60096,information,9,False,9
63,5,3324,random,11,False,11
63,5,3324,information,9,False,9
63,6,27756,random,12,False,12
63,6,27756,information,9,False,9
63,7,64507,random,12,False,12
63,7,64507,information,9,False,9
63,8,3084,random,13,False,13
63,8,3084,information,8,False,8
63,9,2810,random,8,False,8
63,9,2810,information,8,False,8
63,10,13296,random,8,False,8
63,10,13296,information,9,False,9
63,11,21828,random,13,False,13
63,11,21828,information,9,False,9
63,12,2800,random,12,False,12
63,12,2800,information,9,False,9
63,13,65526,random,16,False,16
63,13,65526,information,11,False,11
63,14,53970,random,9,False,9
63,14,53970,information,9,False,9
63,15,22000,random,11,False,11
63,15,22000,information,8,False,8
63,16,64255,random,14,False,14
63,16,64255,information,8,False,8
63,17,52416,random,13,False,13
63,17,52416,information,8,False,8
63,18,1632,random,7,False,8
63,18,1632,information,9,False,9
63,19,15420,random,15,False,15
63,19,15420,information,9,False,9
64,0,39372,random,14,False,14
64,0,39372,information,9,False,9
64,1,4488,random,10,False,10
64,1,4488,information,9,False,9
64,2,54741,random,10,False,10
64,2,54741,information,9,False,9
64,3,52419,random,9,False,9
64,3,52419,information,9,False,9
64,4,30584,random,7,False,8
64,4,30584,information,9,False,9
64,5,44880,random,11,False,11
64,5,44880,information,9,False,9
64,6,61440,random,9,False,9
64,6,61440,information,10,False,10
64,7,160,random,12,False,12
64,7,160,information,10,False,10
64,8,13311,random,7,False,8
64,8,13311,information,10,False,10
64,9,19018,random,15,False,15
64,9,19018,information,9,False,9
64,10,61695,random,13,False,13
64,10,61695,information,9,False,9
64,11,65470,random,12,False,12
64,11,65470,information,8,False,8
64,12,54762,random,12,False,12
64,12,54762,information,9,False,9
64,13,64764,random,12,False,12
64,13,64764,information,9,False,9
64,14,13296,random,9,False,9
64,14,13296,information,9,False,9
64,15,61632,random,14,False,14
64,15,61632,information,9,False,9
64,16,65518,random,16,False,16
64,16,65518,information,11,False,11
64,17,65278,random,15,False,15
64,17,65278,information,10,False,10
64,18,57630,random,10,False,10
64,18,57630,information,9,False,9
64,19,8738,random,10,False,10
64,19,8738,information,9,False,9
65,0,30856,random,9,False,9
65,0,30856,information,8,False,8
65,1,21760,random,8,False,8
65,1,21760,information,9,False,9
65,2,43520,random,13,False,13
65,2,43520,information,9,False,9
65,3,15408,random,8,False,8
65,3,15408,information,9,False,9
65,4,36751,random,11,False,11
65,4,36751,information,9,False,9
65,5,38490,random,9,False,9
65,5,38490,information,8,False,8
65,6,43685,random,10,False,10
65,6,43685,information,8,False,8
65,7,35071,random,15,False,15
65,7,35071,information,9,False,9
65,8,47940,random,9,False,9
65,8,47940,information,9,False,9
65,9,24400,random,9,False,9
65,9,24400,information,10,False,10
65,10,65525,random,13,False,13
65,10,65525,information,9,False,9
65,11,56746,random,12,False,12
65,11,56746,information,9,False,9
65,12,34935,random,10,False,10
65,12,34935,information,9,False,9
65,13,15564,random,10,False,10
65,13,15564,information,9,False,9
65,14,2720,random,12,False,12
65,14,2720,information,8,False,8
65,15,48700,random,11,False,11
65,15,48700,information,9,False,9
65,16,39270,random,10,False,10
65,16,39270,information,9,False,9
65,17,18432,random,14,False,14
65,17,18432,information,9,False,9
65,18,13226,random,9,False,9
65,18,13226,information,9,False,9
65,19,57825,random,9,False,9
65,19,57825,information,9,False,9
66,0,2720,random,10,False,10
66,0,2720,information,9,False,9
66,1,22102,random,8,False,8
66,1,22102,information,9,False,9
66,2,34816,random,9,False,9
66,2,34816,information,9,False,9
66,3,16448,random,15,False,15
66,3,16448,information,8,False,8
66,4,65340,random,11,False,11
66,4,65340,information,10,False,10
66,5,36856,random,12,False,12
66,5,36856,information,9,False,9
66,6,21845,random,10,False,10
66,6,21845,information,8,False,8
66,7,17476,random,13,False,13
66,7,17476,information,9,False,9
66,8,65331,random,12,False,12
66,8,65331,information,9,False,9
66,9,48316,random,12,False,12
66,9,48316,information,9,False,9
66,10,3850,random,14,False,14
66,10,3850,information,9,False,9
66,11,64250,random,13,False,13
66,11,64250,information,10,False,10
66,12,42330,random,8,False,8
66,12,42330,information,9,False,9
66,13,13090,random,12,False,12
66,13,13090,information,9,False,9
66,14,39270,random,9,False,9
66,14,39270,information,8,False,8
66,15,43656,random,10,False,10
66,15,43656,information,9,False,9
66,16,4626,random,10,False,10
66,16,4626,information,8,False,8
66,17,62730,random,10,False,10
66,17,62730,information,9,False,9
66,18,2640,random,8,False,8
66,18,2640,information,9,False,9
66,19,62460,random,11,False,11
66,19,62460,information,8,False,8
67,0,2810,random,7,False,8
67,0,2810,information,9,False,9
67,1,4369,random,8,False,8
67,1,4369,information,9,False,9
67,2,64767,random,9,False,9
67,2,64767,information,8,False,8
67,3,30685,random,10,False,10
67,3,30685,information,9,False,9
67,4,39270,random,11,False,11
67,4,39270,information,9,False,9
67,5,30856,random,11,False,11
67,5,30856,information,10,False,10
67,6,18504,random,12,False,12
67,6,18504,information,9,False,9
67,7,51657,random,9,False,9
67,7,51657,information,9,False,9
67,8,32896,random,14,False,14
67,8,32896,information,9,False,9
67,9,41120,random,10,False,10
67,9,41120,information,10,False,10
67,10,53199,random,9,False,9
67,10,53199,information,8,False,8
67,11,20640,random,12,False,12
67,11,20640,information,9,False,9
67,12,13311,random,12,False,12
67,12,13311,information,9,False,9
67,13,56814,random,13,False,13
67,13,56814,information,9,False,9
67,14,854,random,11,False,11
67,14,854,information,9,False,9
67,15,60652,random,11,False,11
67,15,60652,information,9,False,9
67,16,12540,random,12,False,12
67,16,12540,information,9,False,9
67,17,21760,random,12,False,12
67,17,21760,information,8,False,8
67,18,771,random,13,False,13
67,18,771,information,10,False,10
67,19,9252,random,12,False,12
67,19,9252,information,9,False,9
68,0,64200,random,9,False,9
68,0,64200,information,8,False,8
68,1,39253,random,13,False,13
68,1,39253,information,9,False,9
68,2,61500,random,9,False,9
68,2,61500,information,9,False,9
68,3,64255,random,10,False,10
68,3,64255,information,9,False,9
68,4,65525,random,13,False,13
68,4,65525,information,9,False,9
68,5,42410,random,14,False,14
68,5,42410,information,9,False,9
68,6,4044,random,11,False,11
68,6,4044,information,9,False,9
68,7,52360,random,10,False,10
68,7,52360,information,8,False,8
68,8,49980,random,9,False,9
68,8,49980,information,9,False,9
68,9,16371,random,9,False,9
68,9,16371,information,8,False,8
68,10,34695,random,9,False,9
68,10,34695,information,9,False,9
68,11,39318,random,9,False,9
68,11,39318,information,9,False,9
68,12,18432,random,7,False,8
68,12,18432,information,8,False,8
68,13,62890,random,6,False,8
68,13,62890,information,9,False,9
68,14,61132,random,14,False,14
68,14,61132,information,9,False,9
68,15,23210,random,9,False,9
68,15,23210,information,9,False,9
68,16,34944,random,14,False,14
68,16,34944,information,9,False,9
68,17,48059,random,11,False,11
68,17,48059,information,9,False,9
68,18,26112,random,12,False,12
68,18,26112,information,9,False,9
68,19,12288,random,10,False,10
68,19,12288,information,9,False,9
69,0,61438,random,13,False,13
69,0,61438,information,10,False,10
69,1,816,random,12,False,12
69,1,816,information,8,False,8
69,2,3852,random,14,False,14
69,2,3852,information,9,False,9
69,3,65467,random,13,False,13
69,3,65467,information,9,False,9
69,4,12288,random,15,False,15
69,4,12288,information,10,False,10
69,5,2570,random,12,False,12
69,5,2570,information,8,False,8
69,6,52326,random,12,False,12
69,6,52326,information,8,False,8
69,7,24480,random,11,False,11
69,7,24480,information,8,False,8
69,8,23205,random,10,False,10
69,8,23205,information,9,False,9
69,9,65365,random,13,False,13
69,9,65365,information,9,False,9
69,10,65416,random,12,False,12
69,10,65416,information,9,False,9
69,11,47923,random,11,False,11
69,11,47923,information,9,False,9
69,12,30856,random,10,False,10
69,12,30856,information,9,False,9
69,13,39219,random,7,False,8
69,13,39219,information,9,False,9
69,14,65528,random,11,False,11
69,14,65528,information,8,False,8
69,15,32896,random,13,False,13
69,15,32896,information,9,False,9
69,16,49215,random,10,False,10
69,16,49215,information,9,False,9
69,17,34944,random,14,False,14
69,17,34944,information,9,False,9
69,18,65530,random,11,False,11
69,18,65530,information,10,False,10
69,19,43610,random,10,False,10
69,19,43610,information,8,False,8
70,0,4382,random,8,False,8
70,0,4382,information,9,False,9
70,1,21845,random,14,False,14
70,1,21845,information,9,False,9
70,2,61680,random,12,False,12
70,2,61680,information,8,False,8
70,3,38502,random,9,False,9
70,3,38502,information,9,False,9
70,4,37779,random,13,False,13
70,4,37779,information,8,False,8
70,5,6168,random,8,False,8
70,5,6168,information,9,False,9
70,6,23112,random,13,False,13
70,6,23112,information,8,False,8
70,7,4010,random,10,False,10
70,7,4010,information,9,False,9
70,8,8942,random,13,False,13
70,8,8942,information,9,False,9
70,9,65518,random,15,False,15
70,9,65518,information,11,False,11
70,10,61132,random,12,False,12
70,10,61132,information,8,False,8
70,11,52224,random,11,False,11
70,11,52224,information,9,False,9
70,12,15372,random,10,False,10
70,12,15372,information,9,False,9
70,13,62460,random,10,False,10
70,13,62460,information,9,False,9
70,14,60945,random,9,False,9
70,14,60945,information,8,False,8
70,15,30702,random,10,False,10
70,15,30702,information,9,False,9
70,16,65472,random,13,False,13
70,16,65472,information,8,False,8
70,17,27030,random,7,False,8
70,17,27030,information,9,False,9
70,18,16191,random,9,False,9
70,18,16191,information,8,False,8
70,19,30532,random,10,False,10
70,19,30532,information,8,False,8
71,0,23120,random,15,False,15
71,0,23120,information,8,False,8
71,1,43176,random,10,False,10
71,1,43176,information,10,False,10
71,2,53040,random,8,False,8
71,2,53040,information,9,False,9
71,3,65450,random,14,False,14
71,3,65450,information,10,False,10
71,4,85,random,11,False,11
71,4,85,information,9,False,9
71,5,18432,random,8,False,8
71,5,18432,information,8,False,8
71,6,8942,random,10,False,10
71,6,8942,information,9,False,9
71,7,65520,random,15,False,15
71,7,65520,information,9,False,9
71,8,64572,random,8,False,8
71,8,64572,information,8,False,8
71,9,13260,random,10,False,10
71,9,13260,information,10,False,10
71,10,17646,random,9,False,9
71,10,17646,information,9,False,9
71,11,3324,random,8,False,8
71,11,3324,information,9,False,9
71,12,43433,random,8,False,8
71,12,43433,information,8,False,8
71,13,1530,random,10,False,10
71,13,1530,information,9,False,9
71,14,51510,random,8,False,8
71,14,51510,information,9,False,9
71,15,13192,random,10,False,10
71,15,13192,information,9,False,9
71,16,42662,random,12,False,12
71,16,42662,information,8,False,8
71,17,238,random,11,False,11
71,17,238,information,9,False,9
71,18,65502,random,16,False,16
71,18,65502,information,12,False,12
71,19,61530,random,8,False,8
71,19,61530,information,9,False,9
72,0,2800,random,14,False,14
72,0,2800,information,9,False,9
72,1,65295,random,8,False,8
72,1,65295,information,9,False,9
72,2,51510,random,9,False,9
72,2,51510,information,9,False,9
72,3,64170,random,15,False,15
72,3,64170,information,8,False,8
72,4,13104,random,13,False,13
72,4,13104,information,9,False,9
72,5,24480,random,10,False,10
72,5,24480,information,8,False,8
72,6,61632,random,12,False,12
72,6,61632,information,9,False,9
72,7,46003,random,12,False,12
72,7,46003,information,9,False,9
72,8,53040,random,13,False,13
72,8,53040,information,9,False,9
72,9,26316,random,9,False,9
72,9,26316,information,9,False,9
72,10,22000,random,8,False,8
72,10,22000,information,9,False,9
72,11,62805,random,10,False,10
72,11,62805,information,9,False,9
72,12,61438,random,12,False,12
72,12,61438,information,10,False,10
72,13,52224,random,12,False,12
72,13,52224,information,9,False,9
72,14,4680,random,10,False,10
72,14,4680,information,9,False,9
72,15,61680,random,12,False,12
72,15,61680,information,9,False,9
72,16,61600,random,8,False,8
72,16,61600,information,9,False,9
72,17,24428,random,11,False,11
72,17,24428,information,9,False,9
72,18,16176,random,12,False,12
72,18,16176,information,9,False,9
72,19,27030,random,10,False,10
72,19,27030,information,9,False,9
73,0,20650,random,11,False,11
73,0,20650,information,9,False,9
73,1,4420,random,10,False,10
73,1,4420,information,9,False,9
73,2,42480,random,8,False,8
73,2,42480,information,9,False,9
73,3,40092,random,8,False,8
73,3,40092,information,9,False,9
73,4,48830,random,10,False,10
73,4,48830,information,9,False,9
73,5,13056,random,9,False,9
73,5,13056,information,8,False,8
73,6,38550,random,7,False,8
73,6,38550,information,9,False,9
73,7,21862,random,11,False,11
73,7,21862,information,9,False,9
73,8,50160,random,11,False,11
73,8,50160,information,9,False,9
73,9,2800,random,14,False,14
73,9,2800,information,9,False,9
73,10,41120,random,14,False,14
73,10,41120,information,9,False,9
73,11,30584,random,9,False,9
73,11,30584,information,9,False,9
73,12,43610,random,7,False,8
73,12,43610,information,9,False,9
73,13,42410,random,11,False,11
73,13,42410,information,8,False,8
73,14,13296,random,10,False,10
73,14,13296,information,9,False,9
73,15,37779,random,7,False,8
73,15,37779,information,9,False,9
73,16,4044,random,10,False,10
73,16,4044,information,9,False,9
73,17,204,random,13,False,13
73,17,204,information,8,False,8
73,18,17442,random,10,False,10
73,18,17442,information,9,False,9
73,19,30702,random,9,False,9
73,19,30702,information,9,False,9
74,0,52416,random,11,False,11
74,0,52416,information,9,False,9
74,1,43520,random,14,False,14
74,1,43520,information,9,False,9
74,2,4095,random,10,False,10
74,2,4095,information,9,False,9
74,3,23050,random,11,False,11
74,3,23050,information,8,False,8
74,4,4386,random,8,False,8
74,4,4386,information,9,False,9
74,5,65455,random,11,False,11
74,5,65455,information,9,False,9
74,6,22015,random,10,False,10
74,6,22015,information,9,False,9
74,7,13056,random,10,False,10
74,7,13056,information,9,False,9
74,8,15372,random,15,False,15
74,8,15372,information,9,False,9
74,9,24570,random,9,False,9
74,9,24570,information,9,False,9
74,10,35071,random,11,False,11
74,10,35071,information,9,False,9
74,11,65467,random,12,False,12
74,11,65467,information,9,False,9
74,12,38460,random,11,False,11
74,12,38460,information,9,False,9
74,13,43673,random,10,False,10
74,13,43673,information,9,False,9
74,14,20640,random,13,False,13
74,14,20640,information,9,False,9
74,15,36856,random,10,False,10
74,15,36856,information,9,False,9
74,16,12336,random,8,False,8
74,16,12336,information,7,False,8
74,17,22268,random,10,False,10
74,17,22268,information,9,False,9
74,18,42480,random,8,False,8
74,18,42480,information,9,False,9
74,19,53232,random,14,False,14
74,19,53232,information,9,False,9
75,0,37779,random,11,False,11
75,0,37779,information,9,False,9
75,1,50124,random,8,False,8
75,1,50124,information,9,False,9
75,2,34935,random,9,False,9
75,2,34935,information,9,False,9
75,3,38293,random,14,False,14
75,3,38293,information,9,False,9
75,4,960,random,11,False,11
75,4,960,information,9,False,9
75,5,63624,random,8,False,8
75,5,63624,information,9,False,9
75,6,65021,random,8,False,8
75,6,65021,information,11,False,11
75,7,43520,random,11,False,11
75,7,43520,information,9,False,9
75,8,61098,random,13,False,13
75,8,61098,information,9,False,9
75,9,61030,random,14,False,14
75,9,61030,information,9,False,9
75,10,39338,random,10,False,10
75,10,39338,information,9,False,9
75,11,61166,random,14,False,14
75,11,61166,information,9,False,9
75,12,61530,random,9,False,9
75,12,61530,information,9,False,9
75,13,65520,random,13,False,13
75,13,65520,information,9,False,9
75,14,24480,random,13,False,13
75,14,24480,information,9,False,9
75,15,3900,random,14,False,14
75,15,3900,information,9,False,9
75,16,23040,random,13,False,13
75,16,23040,information,9,False,9
75,17,3264,random,12,False,12
75,17,3264,information,9,False,9
75,18,64572,random,11,False,11
75,18,64572,information,9,False,9
75,19,16962,random,9,False,9
75,19,16962,information,9,False,9
76,0,26265,random,10,False,10
76,0,26265,information,9,False,9
76,1,39219,random,10,False,10
76,1,39219,information,8,False,8
76,2,28527,random,10,False,10
76,2,28527,information,9,False,9
76,3,13260,random,13,False,13
76,3,13260,information,9,False,9
76,4,21862,random,10,False,10
76,4,21862,information,8,False,8
76,5,1440,random,13,False,13
76,5,1440,information,10,False,10
76,6,31710,random,8,False,8
76,6,31710,information,9,False,9
76,7,16234,random,12,False,12
76,7,16234,information,9,False,9
76,8,20730,random,9,False,9
76,8,20730,information,9,False,9
76,9,21920,random,12,False,12
76,9,21920,information,9,False,9
76,10,64512,random,10,False,10
76,10,64512,information,9,False,9
76,11,34944,random,12,False,12
76,11,34944,information,10,False,10
76,12,41215,random,9,False,9
76,12,41215,information,9,False,9
76,13,16140,random,11,False,11
76,13,16140,information,8,False,8
76,14,3264,random,9,False,9
76,14,3264,information,7,False,8
76,15,23644,random,9,False,9
76,15,23644,information,9,False,9
76,16,15600,random,10,False,10
76,16,15600,information,9,False,9
76,17,23295,random,9,False,9
76,17,23295,information,8,False,8
76,18,65370,random,10,False,10
76,18,65370,information,9,False,9
76,19,43775,random,11,False,11
76,19,43775,information,8,False,8
77,0,65455,random,14,False,14
77,0,65455,information,9,False,9
77,1,17408,random,14,False,14
77,1,17408,information,9,False,9
77,2,23130,random,12,False,12
77,2,23130,information,9,False,9
77,3,13248,random,15,False,15
77,3,13248,information,9,False,9
77,4,16335,random,10,False,10
77,4,16335,information,9,False,9
77,5,13158,random,11,False,11
77,5,13158,information,8,False,8
77,6,65523,random,14,False,14
77,6,65523,information,8,False,8
77,7,4095,random,9,False,9
77,7,4095,information,8,False,8
77,8,21840,random,13,False,13
77,8,21840,information,9,False,9
77,9,39372,random,10,False,10
77,9,39372,information,8,False,8
77,10,48110,random,9,False,9
77,10,48110,information,8,False,8
77,11,52419,random,15,False,15
77,11,52419,information,9,False,9
77,12,16234,random,9,False,9
77,12,16234,information,9,False,9
77,13,8704,random,15,False,15
77,13,8704,information,9,False,9
77,14,48076,random,12,False,12
77,14,48076,information,8,False,8
77,15,54741,random,11,False,11
77,15,54741,information,8,False,8
77,16,60138,random,8,False,8
77,16,60138,information,8,False,8
77,17,42410,random,10,False,10
77,17,42410,information,8,False,8
77,18,15,random,9,False,9
77,18,15,information,9,False,9
77,19,20650,random,14,False,14
77,19,20650,information,8,False,8
78,0,65514,random,9,False,9
78,0,65514,information,9,False,9
78,1,13107,random,13,False,13
78,1,13107,information,9,False,9
78,2,3852,random,9,False,9
78,2,3852,information,9,False,9
78,3,21896,random,14,False,14
78,3,21896,information,8,False,8
78,4,60652,random,11,False,11
78,4,60652,information,8,False,8
78,5,63624,random,11,False,11
78,5,63624,information,9,False,9
78,6,17476,random,9,False,9
78,6,17476,information,9,False,9
78,7,64240,random,12,False,12
78,7,64240,information,9,False,9
78,8,32768,random,15,False,15
78,8,32768,information,8,False,8
78,9,771,random,7,False,8
78,9,771,information,9,False,9
78,10,57825,random,8,False,8
78,10,57825,information,8,False,8
78,11,8738,random,11,False,11
78,11,8738,information,9,False,9
78,12,57568,random,14,False,14
78,12,57568,information,9,False,9
78,13,30583,random,9,False,9
78,13,30583,information,9,False,9
78,14,65262,random,16,False,16
78,14,65262,information,11,False,11
78,15,60576,random,14,False,14
78,15,60576,information,9,False,9
78,16,61605,random,9,False,9
78,16,61605,information,9,False,9
78,17,39321,random,7,False,8
78,17,39321,information,9,False,9
78,18,26985,random,7,False,8
78,18,26985,information,8,False,8
78,19,46060,random,11,False,11
78,19,46060,information,9,False,9
79,0,8704,random,13,False,13
79,0,8704,information,9,False,9
79,1,34944,random,9,False,9
79,1,34944,information,9,False,9
79,2,24565,random,13,False,13
79,2,24565,information,8,False,8
79,3,51657,random,9,False,9
79,3,51657,information,9,False,9
79,4,11308,random,13,False,13
79,4,11308,information,9,False,9
79,5,16335,random,10,False,10
79,5,16335,information,9,False,9
79,6,16380,random,15,False,15
79,6,16380,information,9,False,9
79,7,62970,random,10,False,10
79,7,62970,information,10,False,10
79,8,61530,random,10,False,10
79,8,61530,information,8,False,8
79,9,42330,random,8,False,8
79,9,42330,information,9,False,9
79,10,8942,random,9,False,9
79,10,8942,information,9,False,9
79,11,2560,random,13,False,13
79,11,2560,information,9,False,9
79,12,24570,random,12,False,12
79,12,24570,information,9,False,9
79,13,252,random,10,False,10
79,13,252,information,9,False,9
79,14,13260,random,13,False,13
79,14,13260,information,9,False,9
79,15,4044,random,12,False,12
79,15,4044,information,8,False,8
79,16,63078,random,12,False,12
79,16,63078,information,9,False,9
79,17,42255,random,6,False,8
79,17,42255,information,8,False,8
79,18,62805,random,10,False,10
79,18,62805,information,8,False,8
79,19,22015,random,12,False,12
79,19,22015,information,9,False,9
80,0,20480,random,15,False,15
80,0,20480,information,9,False,9
80,1,29298,random,10,False,10
80,1,29298,information,9,False,9
80,2,45050,random,12,False,12
80,2,45050,information,9,False,9
80,3,62259,random,10,False,10
80,3,62259,information,9,False,9
80,4,32125,random,9,False,9
80,4,32125,information,9,False,9
80,5,26214,random,12,False,12
80,5,26214,information,9,False,9
80,6,26180,random,10,False,10
80,6,26180,information,9,False,9
80,7,43775,random,7,False,8
80,7,43775,information,9,False,9
80,8,30583,random,13,False,13
80,8,30583,information,9,False,9
80,9,26316,random,12,False,12
80,9,26316,information,9,False,9
80,10,238,random,10,False,10
80,10,238,information,9,False,9
80,11,47923,random,11,False,11
80,11,47923,information,9,False,9
80,12,64716,random,12,False,12
80,12,64716,information,8,False,8
80,13,27328,random,10,False,10
80,13,27328,information,9,False,9
80,14,15408,random,12,False,12
80,14,15408,information,9,False,9
80,15,53007,random,8,False,8
80,15,53007,information,9,False,9
80,16,1440,random,7,False,8
80,16,1440,information,9,False,9
80,17,28527,random,7,False,8
80,17,28527,information,9,False,9
80,18,16335,random,10,False,10
80,18,16335,information,8,False,8
80,19,12300,random,12,False,12
80,19,12300,information,9,False,9
81,0,43008,random,13,False,13
81,0,43008,information,9,False,9
81,1,38293,random,10,False,10
81,1,38293,information,9,False,9
81,2,24400,random,11,False,11
81,2,24400,information,9,False,9
81,3,48110,random,9,False,9
81,3,48110,information,9,False,9
81,4,43775,random,10,False,10
81,4,43775,information,9,False,9
81,5,27328,random,16,False,16
81,5,27328,information,9,False,9
81,6,40092,random,10,False,10
81,6,40092,information,9,False,9
81,7,65534,random,16,False,16
81,7,65534,information,12,False,12
81,8,160,random,14,False,14
81,8,160,information,9,False,9
81,9,10240,random,12,False,12
81,9,10240,information,9,False,9
81,10,8772,random,10,False,10
81,10,8772,information,9,False,9
81,11,37779,random,8,False,8
81,11,37779,information,9,False,9
81,12,61098,random,14,False,14
81,12,61098,information,8,False,8
81,13,64752,random,10,False,10
81,13,64752,information,8,False,8
81,14,52360,random,14,False,14
81,14,52360,information,9,False,9
81,15,0,random,15,False,15
81,15,0,information,10,False,10
81,16,23040,random,11,False,11
81,16,23040,information,9,False,9
81,17,21760,random,13,False,13
81,17,21760,information,9,False,9
81,18,62890,random,14,False,14
81,18,62890,information,8,False,8
81,19,25700,random,13,False,13
81,19,25700,information,9,False,9
82,0,8704,random,12,False,12
82,0,8704,information,9,False,9
82,1,65021,random,10,False,10
82,1,65021,information,9,False,9
82,2,41215,random,12,False,12
82,2,41215,information,9,False,9
82,3,42662,random,9,False,9
82,3,42662,information,8,False,8
82,4,21840,random,11,False,11
82,4,21840,information,9,False,9
82,5,65525,random,7,False,8
82,5,65525,information,9,False,9
82,6,65501,random,11,False,11
82,6,65501,information,9,False,9
82,7,12850,random,14,False,14
82,7,12850,information,9,False,9
82,8,65370,random,10,False,10
82,8,65370,information,9,False,9
82,9,12288,random,13,False,13
82,9,12288,information,9,False,9
82,10,61183,random,8,False,8
82,10,61183,information,10,False,10
82,11,17578,random,14,False,14
82,11,17578,information,9,False,9
82,12,9252,random,8,False,8
82,12,9252,information,9,False,9
82,13,64752,random,14,False,14
82,13,64752,information,9,False,9
82,14,771,random,6,False,8
82,14,771,information,9,False,9
82,15,34695,random,8,False,8
82,15,34695,information,9,False,9
82,16,39321,random,9,False,9
82,16,39321,information,8,False,8
82,17,50115,random,7,False,8
82,17,50115,information,8,False,8
82,18,3855,random,7,False,8
82,18,3855,information,9,False,9
82,19,13248,random,12,False,12
82,19,13248,information,9,False,9
83,0,42390,random,12,False,12
83,0,42390,information,8,False,8
83,1,38502,random,7,False,8
83,1,38502,information,9,False,9
83,2,3598,random,10,False,10
83,2,3598,information,9,False,9
83,3,4626,random,10,False,10
83,3,4626,information,9,False,9
83,4,26985,random,6,False,8
83,4,26985,information,9,False,9
83,5,771,random,11,False,11
83,5,771,information,10,False,10
83,6,1334,random,10,False,10
83,6,1334,information,9,False,9
83,7,57344,random,12,False,12
83,7,57344,information,9,False,9
83,8,14906,random,15,False,15
83,8,14906,information,9,False,9
83,9,13107,random,14,False,14
83,9,13107,information,9,False,9
83,10,12492,random,13,False,13
83,10,12492,information,9,False,9
83,11,22015,random,8,False,8
83,11,22015,information,9,False,9
83,12,3264,random,10,False,10
83,12,3264,information,8,False,8
83,13,65518,random,15,False,15
83,13,65518,information,11,False,11
83,14,1440,random,10,False,10
83,14,1440,information,9,False,9
83,15,30702,random,13,False,13
83,15,30702,information,9,False,9
83,16,8908,random,9,False,9
83,16,8908,information,9,False,9
83,17,24576,random,11,False,11
83,17,24576,information,10,False,10
83,18,21920,random,9,False,9
83,18,21920,information,9,False,9
83,19,48700,random,11,False,11
83,19,48700,information,9,False,9
84,0,63736,random,12,False,12
84,0,63736,information,8,False,8
84,1,21588,random,11,False,11
84,1,21588,information,9,False,9
84,2,65274,random,16,False,16
84,2,65274,information,9,False,9
84,3,816,random,11,False,11
84,3,816,information,9,False,9
84,4,41215,random,11,False,11
84,4,41215,information,9,False,9
84,5,51,random,9,False,9
84,5,51,information,8,False,8
84,6,43656,random,12,False,12
84,6,43656,information,9,False,9
84,7,60138,random,8,False,8
84,7,60138,information,9,False,9
84,8,23050,random,13,False,13
84,8,23050,information,9,False,9
84,9,65532,random,15,False,15
84,9,65532,information,10,False,10
84,10,13226,random,8,False,8
84,10,13226,information,9,False,9
84,11,38502,random,9,False,9
84,11,38502,information,8,False,8
84,12,42405,random,12,False,12
84,12,42405,information,9,False,9
84,13,47940,random,11,False,11
84,13,47940,information,9,False,9
84,14,64515,random,9,False,9
84,14,64515,information,9,False,9
84,15,64170,random,8,False,8
84,15,64170,information,9,False,9
84,16,26208,random,13,False,13
84,16,26208,information,9,False,9
84,17,52377,random,10,False,10
84,17,52377,information,8,False,8
84,18,8772,random,10,False,10
84,18,8772,information,9,False,9
84,19,46003,random,11,False,11
84,19,46003,information,9,False,9
85,0,13260,random,12,False,12
85,0,13260,information,9,False,9
85,1,61680,random,12,False,12
85,1,61680,information,8,False,8
85,2,52428,random,11,False,11
85,2,52428,information,9,False,9
85,3,65518,random,13,False,13
85,3,65518,information,11,False,11
85,4,4010,random,10,False,10
85,4,4010,information,8,False,8
85,5,23112,random,10,False,10
85,5,23112,information,9,False,9
85,6,13158,random,11,False,11
85,6,13158,information,8,False,8
85,7,15420,random,11,False,11
85,7,15420,information,10,False,10
85,8,38550,random,8,False,8
85,8,38550,information,9,False,9
85,9,65278,random,11,False,11
85,9,65278,information,11,False,11
85,10,65022,random,10,False,10
85,10,65022,information,10,False,10
85,11,24495,random,9,False,9
85,11,24495,information,8,False,8
85,12,50115,random,10,False,10
85,12,50115,information,9,False,9
85,13,61183,random,10,False,10
85,13,61183,information,8,False,8
85,14,26367,random,8,False,8
85,14,26367,information,9,False,9
85,15,44880,random,11,False,11
85,15,44880,information,9,False,9
85,16,44975,random,9,False,9
85,16,44975,information,9,False,9
85,17,15555,random,10,False,10
85,17,15555,information,9,False,9
85,18,65276,random,13,False,13
85,18,65276,information,10,False,10
85,19,61438,random,14,False,14
85,19,61438,information,9,False,9
86,0,65382,random,10,False,10
86,0,65382,information,10,False,10
86,1,65278,random,13,False,13
86,1,65278,information,10,False,10
86,2,252,random,14,False,14
86,2,252,information,9,False,9
86,3,48076,random,10,False,10
86,3,48076,information,9,False,9
86,4,65535,random,13,False,13
86,4,65535,information,10,False,10
86,5,23040,random,11,False,11
86,5,23040,information,9,False,9
86,6,64240,random,8,False,8
86,6,64240,information,8,False,8
86,7,102,random,12,False,12
86,7,102,information,8,False,8
86,8,65021,random,13,False,13
86,8,65021,information,9,False,9
86,9,2640,random,10,False,10
86,9,2640,information,9,False,9
86,10,62259,random,8,False,8
86,10,62259,information,9,False,9
86,11,42480,random,10,False,10
86,11,42480,information,8,False,8
86,12,64200,random,12,False,12
86,12,64200,information,9,False,9
86,13,54762,random,10,False,10
86,13,54762,information,9,False,9
86,14,21930,random,12,False,12
86,14,21930,information,9,False,9
86,15,65520,random,11,False,11
86,15,65520,information,9,False,9
86,16,62965,random,12,False,12
86,16,62965,information,10,False,10
86,17,65516,random,10,False,10
86,17,65516,information,9,False,9
86,18,26985,random,8,False,8
86,18,26985,information,9,False,9
86,19,3930,random,9,False,9
86,19,3930,information,9,False,9
87,0,8704,random,14,False,14
87,0,8704,information,9,False,9
87,1,64090,random,10,False,10
87,1,64090,information,9,False,9
87,2,13107,random,10,False,10
87,2,13107,information,9,False,9
87,3,65502,random,13,False,13
87,3,65502,information,10,False,10
87,4,45040,random,14,False,14
87,4,45040,information,9,False,9
87,5,3930,random,8,False,8
87,5,3930,information,9,False,9
87,6,20650,random,11,False,11
87,6,20650,information,8,False,8
87,7,64515,random,11,False,11
87,7,64515,information,9,False,9
87,8,23644,random,13,False,13
87,8,23644,information,9,False,9
87,9,56922,random,10,False,10
87,9,56922,information,9,False,9
87,10,46003,random,7,False,8
87,10,46003,information,8,False,8
87,11,62220,random,14,False,14
87,11,62220,information,8,False,8
87,12,23205,random,12,False,12
87,12,23205,information,8,False,8
87,13,62412,random,15,False,15
87,13,62412,information,9,False,9
87,14,4420,random,9,False,9
87,14,4420,information,9,False,9
87,15,26180,random,10,False,10
87,15,26180,information,9,False,9
87,16,136,random,13,False,13
87,16,136,information,9,False,9
87,17,20560,random,14,False,14
87,17,20560,information,8,False,8
87,18,27756,random,10,False,10
87,18,27756,information,10,False,10
87,19,3598,random,10,False,10
87,19,3598,information,9,False,9
88,0,30498,random,14,False,14
88,0,30498,information,9,False,9
88,1,13116,random,9,False,9
88,1,13116,information,9,False,9
88,2,23295,random,6,False,8
88,2,23295,information,9,False,9
88,3,13090,random,10,False,10
88,3,13090,information,9,False,9
88,4,53244,random,8,False,8
88,4,53244,information,9,False,9
88,5,136,random,9,False,9
88,5,136,information,8,False,8
88,6,43680,random,11,False,11
88,6,43680,information,9,False,9
88,7,65021,random,13,False,13
88,7,65021,information,9,False,9
88,8,61605,random,7,False,8
88,8,61605,information,9,False,9
88,9,85,random,6,False,8
88,9,85,information,9,False,9
88,10,24415,random,11,False,11
88,10,24415,information,9,False,9
88,11,61440,random,8,False,8
88,11,61440,information,9,False,9
88,12,39219,random,9,False,9
88,12,39219,information,9,False,9
88,13,6168,random,11,False,11
88,13,6168,information,9,False,9
88,14,15555,random,8,False,8
88,14,15555,information,9,False,9
88,15,4420,random,11,False,11
88,15,4420,information,9,False,9
88,16,61455,random,10,False,10
88,16,61455,information,9,False,9
88,17,7918,random,9,False,9
88,17,7918,information,9,False,9
88,18,52284,random,10,False,10
88,18,52284,information,8,False,8
88,19,12480,random,13,False,13
88,19,12480,information,9,False,9
89,0,3120,random,12,False,12
89,0,3120,information,9,False,9
89,1,65021,random,12,False,12
89,1,65021,information,9,False,9
89,2,52360,random,12,False,12
89,2,52360,information,8,False,8
89,3,61695,random,8,False,8
89,3,61695,information,9,False,9
89,4,17544,random,11,False,11
89,4,17544,information,9,False,9
89,5,7918,random,9,False,9
89,5,7918,information,10,False,10
89,6,24480,random,9,False,9
89,6,24480,information,9,False,9
89,7,2560,random,11,False,11
89,7,2560,information,9,False,9
89,8,8772,random,14,False,14
89,8,8772,information,10,False,10
89,9,31611,random,9,False,9
89,9,31611,information,9,False,9
89,10,23644,random,10,False,10
89,10,23644,information,9,False,9
89,11,14392,random,9,False,9
89,11,14392,information,9,False,9
89,12,21896,random,11,False,11
89,12,21896,information,9,False,9
89,13,61600,random,14,False,14
89,13,61600,information,9,False,9
89,14,61183,random,9,False,9
89,14,61183,information,9,False,9
89,15,3072,random,10,False,10
89,15,3072,information,9,False,9
89,16,49344,random,12,False,12
89,16,49344,information,9,False,9
89,17,12336,random,13,False,13
89,17,12336,information,8,False,8
89,18,39270,random,8,False,8
89,18,39270,information,8,False,8
89,19,53040,random,12,False,12
89,19,53040,information,9,False,9
90,0,13311,random,11,False,11
90,0,13311,information,9,False,9
90,1,62460,random,11,False,11
90,1,62460,information,9,False,9
90,2,3840,random,15,False,15
90,2,3840,information,9,False,9
90,3,40960,random,15,False,15
90,3,40960,information,9,False,9
90,4,60096,random,16,False,16
90,4,60096,information,9,False,9
90,5,49935,random,11,False,11
90,5,49935,information,8,False,8
90,6,50160,random,7,False,8
90,6,50160,information,10,False,10
90,7,22015,random,12,False,12
90,7,22015,information,8,False,8
90,8,56026,random,8,False,8
90,8,56026,information,9,False,9
90,9,24672,random,15,False,15
90,9,24672,information,9,False,9
90,10,65472,random,13,False,13
90,10,65472,information,9,False,9
90,11,38250,random,10,False,10
90,11,38250,information,8,False,8
90,12,49971,random,15,False,15
90,12,49971,information,9,False,9
90,13,65516,random,16,False,16
90,13,65516,information,8,False,8
90,14,22000,random,13,False,13
90,14,22000,information,9,False,9
90,15,18432,random,13,False,13
90,15,18432,information,9,False,9
90,16,41215,random,14,False,14
90,16,41215,information,9,False,9
90,17,20480,random,11,False,11
90,17,20480,information,9,False,9
90,18,26265,random,11,False,11
90,18,26265,information,9,False,9
90,19,2810,random,11,False,11
90,19,2810,information,8,False,8
91,0,3264,random,15,False,15
91,0,3264,information,8,False,8
91,1,51200,random,16,False,16
91,1,51200,information,9,False,9
91,2,12480,random,12,False,12
91,2,12480,information,9,False,9
91,3,61438,random,13,False,13
91,3,61438,information,11,False,11
91,4,61166,random,13,False,13
91,4,61166,information,9,False,9
91,5,10280,random,10,False,10
91,5,10280,information,8,False,8
91,6,30583,random,10,False,10
91,6,30583,information,8,False,8
91,7,38490,random,10,False,10
91,7,38490,information,8,False,8
91,8,65295,random,10,False,10
91,8,65295,information,9,False,9
91,9,64240,random,10,False,10
91,9,64240,information,9,False,9
91,10,34952,random,10,False,10
91,10,34952,information,9,False,9
91,11,39253,random,7,False,8
91,11,39253,information,8,False,8
91,12,65526,random,10,False,10
91,12,65526,information,9,False,9
91,13,17442,random,12,False,12
91,13,17442,information,9,False,9
91,14,16371,random,10,False,10
91,14,16371,information,8,False,8
91,15,13107,random,10,False,10
91,15,13107,information,9,False,9
91,16,52284,random,8,False,8
91,16,52284,information,8,False,8
91,17,26265,random,6,False,8
91,17,26265,information,9,False,9
91,18,65455,random,14,False,14
91,18,65455,information,9,False,9
91,19,42255,random,10,False,10
91,19,42255,information,9,False,9
92,0,32125,random,10,False,10
92,0,32125,information,9,False,9
92,1,43605,random,10,False,10
92,1,43605,information,8,False,8
92,2,49152,random,12,False,12
92,2,49152,information,8,False,8
92,3,47923,random,11,False,11
92,3,47923,information,9,False,9
92,4,48110,random,11,False,11
92,4,48110,information,10,False,10
92,5,65382,random,12,False,12
92,5,65382,information,9,False,9
92,6,50886,random,6,False,8
92,6,50886,information,8,False,8
92,7,18504,random,9,False,9
92,7,18504,information,9,False,9
92,8,65467,random,12,False,12
92,8,65467,information,8,False,8
92,9,65470,random,10,False,10
92,9,65470,information,8,False,8
92,10,61098,random,11,False,11
92,10,61098,information,9,False,9
92,11,64752,random,8,False,8
92,11,64752,information,8,False,8
92,12,65487,random,15,False,15
92,12,65487,information,9,False,9
92,13,3850,random,13,False,13
92,13,3850,information,9,False,9
92,14,49280,random,14,False,14
92,14,49280,information,10,False,10
92,15,43656,random,12,False,12
92,15,43656,information,9,False,9
92,16,39321,random,9,False,9
92,16,39321,information,9,False,9
92,17,10240,random,15,False,15
92,17,10240,information,10,False,10
92,18,65530,random,15,False,15
92,18,65530,information,10,False,10
92,19,3072,random,10,False,10
92,19,3072,information,9,False,9
93,0,42330,random,9,False,9
93,0,42330,information,8,False,8
93,1,49152,random,14,False,14
93,1,49152,information,9,False,9
93,2,62970,random,15,False,15
93,2,62970,information,9,False,9
93,3,24576,random,12,False,12
93,3,24576,information,9,False,9
93,4,4095,random,8,False,8
93,4,4095,information,9,False,9
93,5,3840,random,13,False,13
93,5,3840,information,9,False,9
93,6,24672,random,10,False,10
93,6,24672,information,9,False,9
93,7,8738,random,13,False,13
93,7,8738,information,9,False,9
93,8,12480,random,12,False,12
93,8,12480,information,9,False,9
93,9,28662,random,8,False,8
93,9,28662,information,8,False,8
93,10,4420,random,11,False,11
93,10,4420,information,8,False,8
93,11,65365,random,11,False,11
93,11,65365,information,9,False,9
93,12,10280,random,14,False,14
93,12,10280,information,9,False,9
93,13,50070,random,8,False,8
93,13,50070,information,8,False,8
93,14,255,random,10,False,10
93,14,255,information,9,False,9
93,15,53040,random,10,False,10
93,15,53040,information,9,False,9
93,16,48059,random,11,False,11
93,16,48059,information,10,False,10
93,17,4382,random,10,False,10
93,17,4382,information,8,False,8
93,18,61166,random,14,False,14
93,18,61166,information,9,False,9
93,19,53199,random,12,False,12
93,19,53199,information,9,False,9
94,0,46060,random,13,False,13
94,0,46060,information,9,False,9
94,1,13056,random,11,False,11
94,1,13056,information,9,False,9
94,2,4488,random,9,False,9
94,2,4488,information,9,False,9
94,3,65523,random,11,False,11
94,3,65523,information,9,False,9
94,4,20650,random,13,False,13
94,4,20650,information,9,False,9
94,5,21920,random,14,False,14
94,5,21920,information,9,False,9
94,6,34680,random,11,False,11
94,6,34680,information,9,False,9
94,7,160,random,13,False,13
94,7,160,information,9,False,9
94,8,61440,random,15,False,15
94,8,61440,information,9,False,9
94,9,42405,random,9,False,9
94,9,42405,information,9,False,9
94,10,26265,random,9,False,9
94,10,26265,information,8,False,8
94,11,21964,random,9,False,9
94,11,21964,information,8,False,8
94,12,32896,random,14,False,14
94,12,32896,information,9,False,9
94,13,51510,random,9,False,9
94,13,51510,information,8,False,8
94,14,65534,random,16,False,16
94,14,65534,information,12,False,12
94,15,20490,random,9,False,9
94,15,20490,information,9,False,9
94,16,44975,random,11,False,11
94,16,44975,information,9,False,9
94,17,192,random,12,False,12
94,17,192,information,10,False,10
94,18,34816,random,15,False,15
94,18,34816,information,9,False,9
94,19,102,random,10,False,10
94,19,102,information,8,False,8
95,0,64716,random,8,False,8
95,0,64716,information,8,False,8
95,1,43775,random,10,False,10
95,1,43775,information,8,False,8
95,2,43520,random,9,False,9
95,2,43520,information,9,False,9
95,3,64090,random,10,False,10
95,3,64090,information,9,False,9
95,4,45040,random,10,False,10
95,4,45040,information,9,False,9
95,5,65331,random,10,False,10
95,5,65331,information,9,False,9
95,6,4626,random,13,False,13
95,6,4626,information,9,False,9
95,7,42325,random,7,False,8
95,7,42325,information,9,False,9
95,8,250,random,12,False,12
95,8,250,information,9,False,9
95,9,7918,random,9,False,9
95,9,7918,information,9,False,9
95,10,65472,random,12,False,12
95,10,65472,information,8,False,8
95,11,102,random,8,False,8
95,11,102,information,8,False,8
95,12,52275,random,8,False,8
95,12,52275,information,8,False,8
95,13,3312,random,12,False,12
95,13,3312,information,8,False,8
95,14,54741,random,9,False,9
95,14,54741,information,9,False,9
95,15,20560,random,10,False,10
95,15,20560,information,9,False,9
95,16,65484,random,14,False,14
95,16,65484,information,9,False,9
95,17,13192,random,13,False,13
95,17,13192,information,9,False,9
95,18,1020,random,8,False,8
95,18,1020,information,9,False,9
95,19,49215,random,9,False,9
95,19,49215,information,9,False,9
96,0,26265,random,6,False,8
96,0,26265,information,8,False,8
96,1,22616,random,10,False,10
96,1,22616,information,9,False,9
96,2,61098,random,9,False,9
96,2,61098,information,9,False,9
96,3,29812,random,9,False,9
96,3,29812,information,9,False,9
96,4,13878,random,8,False,8
96,4,13878,information,9,False,9
96,5,3852,random,13,False,13
96,5,3852,information,9,False,9
96,6,65516,random,15,False,15
96,6,65516,information,9,False,9
96,7,24415,random,8,False,8
96,7,24415,information,9,False,9
96,8,64680,random,14,False,14
96,8,64680,information,9,False,9
96,9,1285,random,7,False,8
96,9,1285,information,8,False,8
96,10,61632,random,12,False,12
96,10,61632,information,9,False,9
96,11,204,random,10,False,10
96,11,204,information,9,False,9
96,12,12288,random,12,False,12
96,12,12288,information,9,False,9
96,13,30651,random,11,False,11
96,13,30651,information,8,False,8
96,14,56814,random,9,False,9
96,14,56814,information,9,False,9
96,15,3324,random,8,False,8
96,15,3324,information,9,False,9
96,16,17442,random,10,False,10
96,16,17442,information,9,False,9
96,17,24400,random,10,False,10
96,17,24400,information,9,False,9
96,18,25186,random,13,False,13
96,18,25186,information,9,False,9
96,19,20560,random,9,False,9
96,19,20560,information,8,False,8
97,0,13192,random,13,False,13
97,0,13192,information,8,False,8
97,1,32896,random,16,False,16
97,1,32896,information,8,False,8
97,2,65472,random,13,False,13
97,2,65472,information,9,False,9
97,3,26282,random,11,False,11
97,3,26282,information,9,False,9
97,4,65516,random,12,False,12
97,4,65516,information,11,False,11
97,5,65440,random,8,False,8
97,5,65440,information,9,False,9
97,6,1360,random,11,False,11
97,6,1360,information,9,False,9
97,7,49935,random,8,False,8
97,7,49935,information,9,False,9
97,8,204,random,14,False,14
97,8,204,information,8,False,8
97,9,48110,random,11,False,11
97,9,48110,information,9,False,9
97,10,65274,random,13,False,13
97,10,65274,information,10,False,10
97,11,960,random,14,False,14
97,11,960,information,9,False,9
97,12,160,random,15,False,15
97,12,160,information,9,False,9
97,13,64240,random,11,False,11
97,13,64240,information,9,False,9
97,14,65514,random,16,False,16
97,14,65514,information,11,False,11
97,15,20480,random,14,False,14
97,15,20480,information,9,False,9
97,16,26214,random,12,False,12
97,16,26214,information,9,False,9
97,17,240,random,11,False,11
97,17,240,information,9,False,9
97,18,2720,random,10,False,10
97,18,2720,information,9,False,9
97,19,56610,random,9,False,9
97,19,56610,information,9,False,9
98,0,25186,random,12,False,12
98,0,25186,information,10,False,10
98,1,49935,random,8,False,8
98,1,49935,information,9,False,9
98,2,65530,random,16,False,16
98,2,65530,information,12,False,12
98,3,1020,random,9,False,9
98,3,1020,information,9,False,9
98,4,24576,random,11,False,11
98,4,24576,information,8,False,8
98,5,31710,random,6,False,8
98,5,31710,information,8,False,8
98,6,1632,random,10,False,10
98,6,1632,information,9,False,9
98,7,39338,random,9,False,9
98,7,39338,information,10,False,10
98,8,20730,random,11,False,11
98,8,20730,information,9,False,9
98,9,63222,random,11,False,11
98,9,63222,information,8,False,8
98,10,65516,random,15,False,15
98,10,65516,information,8,False,8
98,11,61166,random,13,False,13
98,11,61166,information,10,False,10
98,12,48076,random,14,False,14
98,12,48076,information,9,False,9
98,13,2560,random,14,False,14
98,13,2560,information,9,False,9
98,14,65365,random,8,False,8
98,14,65365,information,9,False,9
98,15,42390,random,9,False,9
98,15,42390,information,9,False,9
98,16,13226,random,12,False,12
98,16,13226,information,8,False,8
98,17,30498,random,13,False,13
98,17,30498,information,9,False,9
98,18,771,random,9,False,9
98,18,771,information,8,False,8
98,19,57825,random,8,False,8
98,19,57825,information,9,False,9
99,0,30584,random,11,False,11
99,0,30584,information,8,False,8
99,1,27030,random,6,False,8
99,1,27030,information,8,False,8
99,2,13260,random,11,False,11
99,2,13260,information,8,False,8
99,3,52224,random,9,False,9
99,3,52224,information,8,False,8
99,4,12850,random,12,False,12
99,4,12850,information,10,False,10
99,5,15615,random,10,False,10
99,5,15615,information,8,False,8
99,6,16512,random,10,False,10
99,6,16512,information,8,False,8
99,7,5160,random,11,False,11
99,7,5160,information,9,False,9
99,8,64716,random,13,False,13
99,8,64716,information,9,False,9
99,9,3324,random,10,False,10
99,9,3324,information,9,False,9
99,10,16962,random,12,False,12
99,10,16962,information,9,False,9
99,11,63624,random,10,False,10
99,11,63624,information,9,False,9
99,12,27328,random,15,False,15
99,12,27328,information,9,False,9
99,13,43690,random,10,False,10
99,13,43690,information,9,False,9
99,14,61438,random,10,False,10
99,14,61438,information,8,False,8
99,15,61635,random,10,False,10
99,15,61635,information,9,False,9
99,16,44975,random,14,False,14
99,16,44975,information,9,False,9
99,17,3598,random,11,False,11
99,17,3598,information,9,False,9
99,18,53232,random,11,False,11
99,18,53232,information,9,False,9
99,19,41215,random,9,False,9
99,19,41215,information,9,False,9
